_id,short_name,name_replace,gn_num,qn_sanity,name_match,gn_link,notes,,,,,
id_001,<missing links>,ANON_1,NA,NA,NA,NA,,,,,,
id_002,A group of students of ʾAbū ʾAyyūb,ANON_7,NA,NA,NA,NA,,,,,,
id_003,ABD AL-AZIZ B. ALI B. MUHAMMAD B. ISHAQ B. AL-FARAJ,ʿabd al-ʿazīz b. ʿalī b. muḥammad b. ʾisḥāq b. al-faraǧ,NA,NA,NA,NA,,,,,,
id_004,ABD AL-HUKM AL-QITRI,muḥammad b. ʿabd al-ḥakam b. yazīd ʾabū al-ʿabbās al-qiṭrī al-ramlī,NA,NA,NA,NA,not №1541 = ʿabd al-ḥakam b. ʾibrāhīm ʾabū al-faḍl al-qarawī. His son is Muḥammad b. ʿAbd al-Ḥakam al-Qiṭrī (№3069): https://tabadil.com/reader/5109/801?highlights=%D8%A7%D9%84%D9%82%D8%B7%D8%B1%D9%8A,,,,,
id_005,ʿAbd al-Malik b. ʿAbd Allāh b. Saʿwah,ʿabd al-malik b. ʿabd allāh b. šaʿwah ʾabū al-walīd al-ǧuddī al-makkī,1961,T,NA,https://dlib.nyu.edu/aco/book/cornell_aco000443/465,rawā al-ḥurūf ʿan ʾismāʿīl qusṭ,,,,,
id_006,ABD ALLAH B. ABD AL-RAHMAN AL-HAMDANI,ʿabd allāh b. ʿabd al-raḥmān al-hamdānī,NA,NA,NA,NA,any one of these people?: https://tabadil.com/reader/5109/438?highlights=%D8%B9%D8%A8%D8%AF%20%D8%A7%D9%84%D9%84%D9%87%20%D8%A8%D9%86%20%D8%B9%D8%A8%D8%AF%20%D8%A7%D9%84%D8%B1%D8%AD%D9%85%D9%86,,,,,
id_007,ABD ALLAH B. IBRAHIM B. QUTAYBAH AL-ANSARI,ʿabd allāh b. ʾibrāhīm b. qutaybah al-ʾanṣārī,1716,T,NA,https://dlib.nyu.edu/aco/book/cornell_aco000443/399,,,,,,
id_008,ABD ALLAH B. JUBAYR AL-HASHIMI,ʿabd allāh b. ǧubayr al-hāšimī,1752,T,NA,https://dlib.nyu.edu/aco/book/cornell_aco000443/408,,,,,,
id_009,ABD ALLAH B. MUHAMMAD AL-DIMASHQI AL-MA3RUF BI-IBN AL-MUFASSIR,ʿabd allāh b. muḥammad al-dimašqī al-maʿrūf bi-b. al-mufassir,1886,T,NA,https://dlib.nyu.edu/aco/book/cornell_aco000443/448,,,,,,
id_010,ABD ALLAH B. SULAYMAN,ʿabd allāh b. sulaymān,NA,NA,NA,NA,,,,,,
id_011,ABD SAHL AL-WAKIL,ʿabd allāh b. sahl b. yūsuf ʾabū muḥammad al-ʾanṣārī al-ʾandalusī al-mursī,1783,T,NA,https://dlib.nyu.edu/aco/book/cornell_aco000443/417,,,,,,
id_012,ABU ABD ALLAH  AHMAD B. UMAR B. MAHFUZ AL-QADI,ʾaḥmad b. muḥammad b. ʿumar b. muḥammad b. maḥfūẓ ʾabū ʿabd allāh al-miṣrī al-ǧīzī,586,T,id_013,https://dlib.nyu.edu/aco/book/cornell_aco000443/122,See the correspondence between you and Marijn on this guy,,,,,
id_013,ABU ABD ALLAH  AHMAD B. UMAR B. MUHAMMAD AL- JIZI,ʾaḥmad b. muḥammad b. ʿumar b. muḥammad b. maḥfūẓ ʾabū ʿabd allāh al-miṣrī al-ǧīzī,586,T,id_012,https://dlib.nyu.edu/aco/book/cornell_aco000443/122,NA,,,,,
id_014,ABU ABD ALLAH MUHAMMAD B. AL-ABBAS B. MUHAMMAD,muḥammad b. al-ʿabbās b. muḥammad b. ʾabī [muḥammad/yaḥyā] al-yazīdī ʾabū ʿabd allāh al-baġdādī,3088,T,NA,https://dlib.nyu.edu/aco/book/cornell_aco000444/162,"great great grandson of al-Yazīdī; for the form of the name see Lane here: https://ejtaal.net/aa/#hw4=463,ll=1316,ls=5,la=1894,sg=489,ha=314,br=h432,pr=h72,aan=h249,mgf=h400,vi=h180,kz=1039,mr=h297,mn=h595,uqw=h732,umr=h469,ums=h398,umj=h346,ulq=h880,uqa=h179,uqq=h141,bdw=h405,amr=h286,asb=h427,auh=h706,dhq=h239,mht=h390,msb=h106,tla=h56,amj=h333,ens=h303,mis=h138",,,,,
id_015,ABU ABD ALLAH MUHAMMAD B. YA3QUb B. YAZID B. ISHAQ AL-MUQRI',muḥammad b. yaʿqūb b. yazīd b. ʾisḥāq ʾabū ʿabd allāh al-qurašī al-ʾiṣbahānī al-ġazzāl,3544,T,NA,https://dlib.nyu.edu/aco/book/cornell_aco000444/287,rawā al-ḥurūf ʿan al-ʿabbās b. al-walīd ṣāḥib qutaybah,,,,,
id_016,ABU ABD ALLAH MUHAMMAD B. YUSUF AL-HARAWI,muḥammad b. yūsuf b. bišr ʾabū ʿabd allāh al-harawī,3551,T,NA,https://dlib.nyu.edu/aco/book/cornell_aco000444/288,,,,,,
id_017,ABU ABD ALLAH MUS3AB B. IBRAHIM B. HAMZAH AL-DINAWARI,muṣʿab b. ʾibrāhīm b. ḥamzah b. ʿabd allāh b. al-zubayr b. al-ʿawwām ʾabū ʿabd al-zubayrī al-madanī,3609,T,id_076,https://dlib.nyu.edu/aco/book/cornell_aco000444/303,This guy writes the k. nasab al-qurayš,,,,,
id_018,ABU AL-ABBAS AHMAD B. MUHAMMAD B. BAKR MAWLA BANI SULAYM,ʾaḥmad b. muḥammad b. bakr ʾabū al-ʿabbās al-bakrāwī mawlā banī sulaym,496,T,NA,https://dlib.nyu.edu/aco/book/cornell_aco000443/104,,,,,,
id_019,ABU AL-ABBAS AL-FADL B. DAWUD AL-MADANI,al-faḍl b. dāwūd b. yaḥyā b. ʾabī ruṭbah ʾabū al-ʿabbās al-madanī,2559,T,NA,https://dlib.nyu.edu/aco/book/cornell_aco000444/13,,,,,,
id_020,ABU AL-HASAN AHMAD B. MUHAMMAD AL-SHA3RANI AL-DINAWARI,ʾaḥmad b. muḥammad b. hayṯam ʾabū al-ḥasan al-šaʿrānī al-dīnawarī al-ṣūfī,617,T,NA,https://dlib.nyu.edu/aco/book/cornell_aco000443/128,,,,,,
id_021,ABU AL-HASAN AHMAD B. YUSUF,ʾabū al-ḥasan ʾaḥmad b. yūsuf,NA,NA,NA,NA,al-taġlibī? Al-wazzān? Al-qāfulānī? Start here and check: https://tabadil.com/reader/5109/149?highlights=%D8%A3%D8%AD%D9%85%D8%AF%20%D8%A8%D9%86%20%D9%8A%D9%88%D8%B3%D9%81,,,,,
id_022,ABU AL-HASAN AL-RU3AYNI,ʾabū al-ḥasan al-ruʿaynī,NA,NA,NA,NA,"mentioned once in GN, as a student of al-ṣūfī and a ""ṣāḥib"" of ʿabd al-rahmān b. dāwūd b. ʾabī ṭaybah: https://tabadil.com/reader/5109/130?highlights=%D8%A3%D8%A8%D9%8A%20%D8%A7%D9%84%D8%AD%D8%B3%D9%86%20%D8%A7%D9%84%D8%B1%D8%B9%D9%8A%D9%86%D9%8A",,,,,
id_023,ABU AL-QASIM ABD AL-WAHHAB B. ABI HIBAH,ʾabū al-qāsim ʿabd al-wahhāb b. ʾabī hibah,NA,NA,NA,NA,,,,,,
id_024,ABU AL-QASIM ABD ALLAH B. AHMAD B. ALI B. ABI TALIB AL-BAGHDADI,ʾabū al-qāsim ʿabd allāh b. ʾaḥmad b. ʿalī b. ʾabī ṭālib al-baġdādī,NA,NA,NA,NA,,,,,,
id_025,ABU AL-QASIM ABD ALLAH B. JA3FAR AL-BAJALI,ʾabū al-qāsim ʿabd allāh b. ǧaʿfar al-baǧalī,1753,T,NA,https://dlib.nyu.edu/aco/book/cornell_aco000443/408,"kufan, atached to ġaḍāʾirī",,,,,
id_026,ABU AL-QASIM ABD ALLAH B. MUHAMMAD B. IBRAHIM B. IDRIS AL-RAZI,ʿabd allāh b. muḥammad b. ʾibrāhīm b. ʾasad b. ʾidrīs ʾabū al-qāsim al-rāzī al-šāfiʿī,1860,T,NA,https://dlib.nyu.edu/aco/book/cornell_aco000443/442,,,,,,
id_027,ABU AL-QASIM UBAYD ALLAH B. MUHAMMAD B. ABI MUHAMMAD,ʿubayd allāh b. muḥammad b. ʾabī muḥammad yaḥyā b. al-mubārak ʾabū al-qāsim b. al-yazīdī al-ʿadawī al-baġdādī,2049,T,NA,https://dlib.nyu.edu/aco/book/cornell_aco000443/488,,,,,,
id_028,ABU AL-TAYYIB AHMAD B. SULAYMAN,ʾabū al-ṭayyib ʾaḥmad b. sulaymān,255,T,NA,https://dlib.nyu.edu/aco/book/cornell_aco000443/63,,,,,,
id_029,ABU ALI AL-HUSAYN B. MUHAMMAD AL-HADDAD,al-ḥusayn b. maḥmūd ʾabū ʿalī al-ḥaddād al-makkī,1149,T,NA,https://dlib.nyu.edu/aco/book/cornell_aco000443/248,based on the form of his name in ʾabū al-ʿalāʾ al-wāsiṭī [al-ḥāfiẓ],,,,,
id_030,ABU BAKR ABD ALLAH B. SULAYMAN AL-ASH3ATH,b. ʾabī dāwūd al-siǧistānī,1789,T,NA,https://dlib.nyu.edu/aco/book/cornell_aco000443/416,,,,,,
id_031,ABU BAKR AHMAD B. ABD AL-MAJID AL-MUQRI,ʾaḥmad b. ʿabd al-maǧīd ʾabū bakr,347,T,NA,https://dlib.nyu.edu/aco/book/cornell_aco000443/81,,,,,,
id_032,ABU BAKR AHMAD B. ABD AL-RAHMAN AL-WALI,ʾaḥmad b. ʿabd al-raḥmān al-wālī ʾabū bakr,NA,NA,NA,NA,"mentioned a lot in GN, but strangely no tarǧamah: https://tabadil.com/?kunyas=%D8%A3%D8%A8%D9%88+%D8%A8%D9%83%D8%B1&nasab=%D8%A3%D8%AD%D9%85%D8%AF+%D8%A8%D9%86+%D8%B9%D8%A8%D8%AF+%D8%A7%D9%84%D8%B1%D8%AD%D9%85%D9%86&nisbas=%D8%A7%D9%84%D9%88%D9%84%D9%8A&text_ids=5109",,,,,
id_033,ABU BAKR AHMAD IBN AL-MU3ALLA AL-QADI,ʾaḥmad b. al-muʿallā ʾabū bakr al-qāḍī,657,T,NA,https://dlib.nyu.edu/aco/book/cornell_aco000443/135,,,,,,
id_034,ABU BAKR KHALLAD AL-QURASI,ʾabū bakr ḫallād al-qurašī,NA,NA,NA,NA,NA,,,,,
id_035,ABU BAKR MUHAMMAD B. AHMAD B. ABD ALLAH B. KHALID AL-BARMAKI,ʾabū bakr muḥammad b. ʾaḥmad b. ʿabd allāh b. ḫālid al-barmakī,2743,T,NA,https://dlib.nyu.edu/aco/book/cornell_aco000444/72,,,,,,
id_036,ABU BAKR MUHAMMAD B. MUHAMMAD B. SULAYMAN AL-WASITI AL-BAGHANDI,ʾabū bakr muḥammad b. muḥammad b. sulaymān al-wāsiṭī al-bāġandī,3411,T,NA,https://dlib.nyu.edu/aco/book/cornell_aco000444/244,,,,,,
id_037,ABU BAKR WAHB B. ABD ALLAH AL-MARRUDHI,ʾabū bakr wahb b. ʿabd allāh al-marrūḏī,3811,T,NA,https://dlib.nyu.edu/aco/book/cornell_aco000444/365,,NA,,,,
id_038,ABU GA3FAR MUHAMMAD B. HAMMAD B. MAHAN AL-BADDAGH,ʾabū ǧaʿfar muḥammad b. ḥammād b. māhān al-dabbāġ,2980,T,NA,https://dlib.nyu.edu/aco/book/cornell_aco000444/139,,,,,,
id_039,ABU HAFS UMAR B. YUSUF AL-BURUJIRRADI,ʾabū ḥafṣ ʿumar b. yūsuf b. ʿabdak al-ḥannāṭ al-burūǧirdī,2439,T,NA,https://dlib.nyu.edu/aco/book/cornell_aco000443/595,,,,,,
id_040,ABU ISA MUHAMMAD B.  B. AHMAD B. QATAN Al-MISMAR,muḥammad b. ʾaḥmad b. quṭn b. ḫālid b. ḥayyān ʾabū ʿīsā al-wakīl al-muʾaddib al-simsār al-baġdādī,2774,T,NA,https://dlib.nyu.edu/aco/book/cornell_aco000444/83,,,,,,
id_041,ABU ISA MUHAMMAD B. FATH AL-KHARRAZ,ʾabū ʿīsā muḥammad b. fatḥ al-ḫarrāz,NA,NA,NA,NA,NA,,,,,
id_042,ABU ISHAQ IBRAHIM B. HAMDAN B. ABD AL-SAMAD,ʾibrāhīm b. ḥamdān b. ʿabd al-ṣamad ʾabū ʾisḥāq al-ʾandalusī,42,T,NA,https://dlib.nyu.edu/aco/book/cornell_aco000443/17,,,,,,
id_043,ABU ISHAQ ISMAIL B. YUNUS AL-SHI3I,ʾismāʿīl b. yūnus b. yāsīn ʾabū ʾisḥāq al-sabīʿī al-baġdādī,795,T,NA,https://dlib.nyu.edu/aco/book/cornell_aco000443/166,"name entered as al-šīʿī, should be al-sabīʿī",,,,,
id_044,ABU JA3FAR AHMAD B. MUHAMMAD B. ABI MUHAMMAD,ʾabū ǧaʿfar ʾaḥmad b. muḥammad b. yaḥyā b. al-mubārak al-yazīdī,620,T,NA,https://dlib.nyu.edu/aco/book/cornell_aco000443/129,interesting illustration of family transmission: takes from his grandfather and transmits to his brother ʿubayd allāh b. muḥammad and his paternal nephew yūnus b. ʿalī,,,,,
id_045,ABU JA3FAR B. RISHDIN,ʾaḥmad b. muḥammad b. al-ḥaǧǧāǧ b. rišdīn b. saʿd ʾabū ǧaʿfar,502,T,NA,https://dlib.nyu.edu/aco/book/cornell_aco000443/105,,,,,,
id_046,ABU MA3MAR AL-BASRI AL-JUMA3I,saʿīd b. ʿabd al-raḥmān al-ǧumaḥī al-baṣrī ʾabū maʿmar,1345,T,NA,https://dlib.nyu.edu/aco/book/cornell_aco000443/302,,,,,,
id_047,ABU MARWAN MUHAMMAD B. UTHMAN AL-UTHMANI,ʾabū marwān muḥammad b. ʿuṯmān al-ʿuṯmānī,NA,NA,NA,NA,mentioned twice in GN: https://tabadil.com/?kunyas=%D8%A3%D8%A8%D9%88+%D9%85%D8%B1%D9%88%D8%A7%D9%86&nasab=%D9%85%D8%AD%D9%85%D8%AF+%D8%A8%D9%86+%D8%B9%D8%AB%D9%85%D8%A7%D9%86&nisbas=%D8%A7%D9%84%D8%A8%D8%B5%D8%B1%D9%8A&text_ids=5109,,,,,
id_048,ABU MUHAMMAD ABD AL-RAHMAN UMAR AL-MU3ADDIL,ʿabd al-raḥmān b. ʿumar b. muḥammad ʾabū muḥammad al-muʿaddil al-naḥḥās,1597,T,NA,https://dlib.nyu.edu/aco/book/cornell_aco000443/372,,,,,,
id_049,ABU MUHAMMAD ABD ALLAH B. MUHAMMAD,ʾabū muḥammad ʿabd allāh b. muḥammad,NA,NA,NA,NA,gotta be ʾabū muḥammad ʿabd allāh b. muḥammad al-ẓahrāwī here: https://tabadil.com/reader/5109/404?highlights=%D9%88%D8%A3%D8%A8%D9%88%20%D9%85%D8%AD%D9%85%D8%AF%20%D8%B9%D8%A8%D8%AF%20%D8%A7%D9%84%D9%84%D9%87%20%D8%A8%D9%86%20%D9%85%D8%AD%D9%85%D8%AF,,,,,
id_050,ABU MUHAMMAD ISMAIL B. AHMAD Al-RAQQI,ʾismāʿīl b. ʾaḥmad ʾabū muḥammad al-raqqī,751,T,NA,https://dlib.nyu.edu/aco/book/cornell_aco000443/157,,,,,,
id_051,ABU MUHAMMAD JAFAR B. AHMAD AL-BAZZAZ,ʾabū muḥammad ǧaʿfar b. ʾaḥmad al-bazzāz,NA,NA,NA,NA,mentioned twice in GN: https://tabadil.com/?nasab=%D8%AC%D8%B9%D9%81%D8%B1+%D8%A8%D9%86+%D8%A3%D8%AD%D9%85%D8%AF&nisbas=%D8%A7%D9%84%D8%A8%D8%B2%D8%A7%D8%B2&text_ids=5109,,,,,
id_052,ABU SULAYMAN B. HARUN AL-MADANI,sālim b. hārūn b. mūsā b. al-mubārak al-madanī al-layṯī al-muʾaddib ʾabū sulaymān,1317,T,NA,https://dlib.nyu.edu/aco/book/cornell_aco000443/297,,,,,,
id_053,ABU UMAR ABD ALLAH B. AHMAD B. DIZAWAYH AL-DIMASHQI,ʿabd allāh b. ʾaḥmad b. ḏī zuwayyah al-dimašqī,1725,T,NA,https://dlib.nyu.edu/aco/book/cornell_aco000443/402,,,,,,
id_054,ʾAbū al-Ḥasan ʿAlī b. Muḥammad b. ʾIsmāʿīl al-ʾAnṭākī,ʿalī b. muḥammad b. ʾismāʿīl b. muḥammad b. bišr al-ʾanṭākī al-tamīmī nazīl al-ʾandalus,2308,T,NA,https://dlib.nyu.edu/aco/book/cornell_aco000443/560,,,,,,
id_055,AHMAD B. AL-JARUD AL-DINAWARI,ʾaḥmad b. al-ǧārūd al-dīnawarī,175,T,NA,https://dlib.nyu.edu/aco/book/cornell_aco000443/46,,,,,,
id_056,AHMAD B. BAHZAD B. MIHRAN,ʾaḥmad b. bahzāḏ b. mihrān ʾabū al-ḥasan al-fārisī,171,T,NA,https://dlib.nyu.edu/aco/book/cornell_aco000443/45,nazala wa-sakina bi-miṣr,,,,,
id_057,AHMAD B. MUHAMMAD AL-HAMDANI,ʾaḥmad b. muḥammad al-hamdānī,NA,NA,NA,NA,mentioned three times in GN: https://tabadil.com/?nasab=%D8%A3%D8%AD%D9%85%D8%AF+%D8%A8%D9%86+%D9%85%D8%AD%D9%85%D8%AF&nisbas=%D8%A7%D9%84%D9%87%D9%85%D8%AF%D8%A7%D9%86%D9%8A&text_ids=5109,,,,,
id_058,AHMAD B. MUHAMMAD B. ABD AL-RAHMAN AL-DAHQAN,ʾaḥmad b. muḥammad b. ʿabd al-raḥmān b. qanbī al-dihqān ʾabū [ʿabd allāh/bakr] al-kūfī,548,T,,https://dlib.nyu.edu/aco/book/cornell_aco000443/114,,,,,,
id_059,AHMAD B. MUHAMMAD B. AL-NASR AL-ASKARI,ʾaḥmad b. muḥammad b. al-naṣr al-ʿaskarī,NA,NA,NA,NA,,,,,,
id_060,AHMAD B. MUHAMMAD B. JABIR,ʾaḥmad b. muḥammad b. ǧābir ʾabū bakr al-tinnīsī,500,T,NA,https://dlib.nyu.edu/aco/book/cornell_aco000443/105,,,,,,
id_061,AHMAD B. MUHAMMAD B. SAID,ʾaḥmad b. muḥammad b. saʿīd ʾabū [ʿalī/al-ḥasan] al-ʾaḏanī,535,T,id_066,https://dlib.nyu.edu/aco/book/cornell_aco000443/112,see below; could either be b. ḥarb or b. fuṭays al-dimašqī – check who he’s attached to: https://tabadil.com/?nasab=%D8%A3%D8%AD%D9%85%D8%AF+%D8%A8%D9%86+%D9%85%D8%AD%D9%85%D8%AF+%D8%A8%D9%86+%D8%B3%D8%B9%D9%8A%D8%AF&text_ids=5109,,,,,
id_062,AHMAD B. MUHAMMAD IBN QANABI,ʾaḥmad b. muḥammad b. ʿabd al-raḥmān b. qanbī al-dihqān ʾabū [ʿabd allāh/bakr] al-kūfī,548,T,,https://dlib.nyu.edu/aco/book/cornell_aco000443/114,NA,,,,,
id_063,AHMAD B. MUSARRIF B. AMR AL-YAMI,ʾaḥmad b. muṣarrif b. ʿamr al-yāmī ʾabū bakr al-muqriʾ,656,T,NA,https://dlib.nyu.edu/aco/book/cornell_aco000443/134,,,,,,
id_064,AHMAD B. NASR,ʾaḥmad b. naṣr b. manṣūr b. ʿabd al-maǧīd b. ʿabd al-munʿim ʾabū bakr al-šaḏāʾī,673,T,NA,https://dlib.nyu.edu/aco/book/cornell_aco000443/140,,,,,,
id_065,AHMAD B. SAID,ʾaḥmad b. muḥammad b. saʿīd ʾabū [ʿalī/al-ḥasan] al-ʾaḏanī,535,T,id_062,https://dlib.nyu.edu/aco/book/cornell_aco000443/112,"GN confirms that he transmitted the reading of ʿāṣim; says that al-hudhalī got him mixed up and called him ""muḥammad"" (the second part of his nasab): https://tabadil.com/reader/5109/136?highlights=%D8%B9%D8%A8%D9%8A%D8%AF%20%D8%A8%D9%86%20%D9%86%D8%B9%D9%8A%D9%85%20%D8%A7%D9%84%D8%B3%D8%B9%D9%8A%D8%AF%D9%8A",,,,,
id_066,AHMAD B. SHUAYB AL-NISA'I,ʾaḥmad b. šuʿayb al-nasāʾī ʾabū ʿabd al-raḥmān,NA,NA,NA,NA,mentioned three times in GN: https://tabadil.com/?nasab=%D8%A3%D8%AD%D9%85%D8%AF+%D8%A8%D9%86+%D8%B4%D8%B9%D9%8A%D8%A8&nisbas=%D8%A7%D9%84%D9%86%D8%B3%D8%A7%D8%A6%D9%8A&text_ids=5109,,,,,
id_067,AHMAD B. UTHMAN B. HAKIM,ʾaḥmad b. [ʿuṯmān/ʿaṯm] b. ḥakīm al-kūfī,364,T,NA,https://dlib.nyu.edu/aco/book/cornell_aco000443/84,,,,,,
id_068,AHMAD B. YAHYA THA3LAB,ʾaḥmad b. yaḥyā ṯaʿlab,NA,NA,NA,NA,mentioned twice in GN: https://tabadil.com/?nasab=%D8%A3%D8%AD%D9%85%D8%AF+%D8%A8%D9%86+%D9%8A%D8%AD%D9%8A%D9%89&nisbas=%D8%AB%D8%B9%D9%84%D8%A8&text_ids=5109,,,,,
id_069,AL-ABBAS B. MUHAMMAD,al-ʿabbās b. muḥammad b. ʾabī muḥammad yaḥyā b. al-mubārak al-yazīdī al-ʿadawī ʾabū al-faḍl al-baġdādī,1018,T,id_082,https://dlib.nyu.edu/aco/book/cornell_aco000443/350,SAME AS al-dāǧūnī al-ṣaġīr?,,,,,
id_070,AL-FADL B. YAHYA AL-ANBARI,al-faḍl b. yaḥyā al-ʾanbārī ṣāḥib ḥafṣ,NA,NA,NA,NA,,,,,,
id_071,AL-HASAN ALI B. MUSA AL-THAQAFI,al-ḥasan b. ʿalī b. mūsā ʾabū al-qāsim al-warrāq al-ṯaqafī,1024,T,NA,https://dlib.nyu.edu/aco/book/cornell_aco000443/221,son of id_080,,,,,
id_072,AL-HASAN B. ABD AL-RAHMAN AL-KARKHI AL-KHAYYAT,al-ḥasan b. ʿabd al-raḥmān al-karḫī al-ḫayyāṭ,988,T,NA,https://dlib.nyu.edu/aco/book/cornell_aco000443/212,,,,,,
id_073,AL-HASAN B. AL-ASWAD AL-3IJLI ABU ABD ALLAH,al-ḥusayn b. ʿalī b. al-ʾaswad ʾabū ʿabd allāh al-baǧalī al-kūfī,1089,T,NA,https://dlib.nyu.edu/aco/book/cornell_aco000443/234,"JB has al-ḥasan b. al-ʾaswad; GN confirms that al-Dānī gives the name as ""al-ḥusayn""",,,,,
id_074,AL-HUSAYN B. ABD ALLAH AL-MU3LIM,al-ḥusayn b. ʿabd allāh al-muʿallim,1107,T,NA,https://dlib.nyu.edu/aco/book/cornell_aco000443/239,,,,,,
id_075,AL-MUSAB AL-ZUBAYRI,muṣʿab b. ʾibrāhīm b. ḥamzah b. ʿabd allāh b. al-zubayr b. al-ʿawwām ʾabū ʿabd al-zubayrī al-madanī,3609,T,id_018,https://dlib.nyu.edu/aco/book/cornell_aco000444/303,####,,,,,
id_076,ALI B. AHMAD B. HATIM,ʿalī b. ʾaḥmad b. ḥātim al-baġdādī,2144,T,NA,https://dlib.nyu.edu/aco/book/cornell_aco000443/514,,,,,,
id_077,ALI B. Al-ABBAS AL-MAQANI3I,ʿalī b. al-ʿabbās al-maqāniʿī,NA,NA,NA,NA,mentioned once in GN: https://tabadil.com/?nasab=%D8%B9%D9%84%D9%8A+%D8%A8%D9%86+%D8%A7%D9%84%D8%B9%D8%A8%D8%A7%D8%B3&nisbas=%D8%A7%D9%84%D9%85%D9%82%D8%A7%D9%86%D8%B9%D9%8A&text_ids=5109,,,,,
id_078,ALI B. MUHAMMAD AL-NAKHA3I AL-QADI,ʿalī b. muḥammad al-naḫaʿī al-qāḍī,NA,NA,NA,NA,mentioned four times in GN: https://tabadil.com/?nasab=%D8%B9%D9%84%D9%8A+%D8%A8%D9%86+%D9%85%D8%AD%D9%85%D8%AF&nisbas=%D8%A7%D9%84%D9%86%D8%AE%D8%B9%D9%8A&text_ids=5109,,,,,
id_079,ALI B. MUSA AL-THAQAFI,ʿalī b. mūsā al-ṯaqafī,NA,NA,NA,NA,father of id_072; mentioned twice in GN: https://tabadil.com/reader/5109/153?highlights=%D8%B9%D9%84%D9%8A%20%D8%A8%D9%86%20%D9%85%D9%88%D8%B3%D9%89%20%D8%A7%D9%84%D8%AB%D9%82%D9%81%D9%8A // https://tabadil.com/reader/5109/793?highlights=%D8%B9%D9%84%D9%8A%20%D8%A8%D9%86%20%D9%85%D9%88%D8%B3%D9%89%20%D8%A7%D9%84%D8%AB%D9%82%D9%81%D9%8A,,,,,
id_080,ALI B. NASR,ʿalī b. naṣr,NA,NA,NA,NA,,,,,,
id_081,HIS FATHER AL-ABBAS B. MUHAMMAD,al-ʿabbās b. muḥammad b. ʾabī muḥammad yaḥyā b. al-mubārak al-yazīdī al-ʿadawī ʾabū al-faḍl al-baġdādī,1018,T,id_070,https://dlib.nyu.edu/aco/book/cornell_aco000443/350,####,,,,,
id_082,Bakr b. Sahl al-Dimyāṭī,Bakr b. Sahl al-Dimyāṭī,NA,NA,NA,NA,,,,,,
id_083,Burayd b. ʿAbd al-Wāḥid ʾAbū al-Muʿāfā al-Ḍarīr,Burayd b. ʿAbd al-Wāḥid ʾAbū al-Muʿāfā al-Ḍarīr,NA,NA,NA,NA,,,,,,
id_084,DAMAGED,ANON_2,NA,NA,NA,NA,,,,,,
id_085,DIRAR B. SURAD ABU NU3AYM AL-TAYMI,ḍirār b. ṣurad ʾabū nuʿaym al-ṭaḥḥān al-taymī al-kūfī,NA,NA,NA,NA,mentioned in Ibn Abī Ḥātim and earlier sources: https://hadithtransmitters.hawramani.com/?p=93037#67ce90,,,,,
id_086,Dāwūd b. Šibl b. ʿAbbād,Dāwūd b. Šibl b. ʿAbbād,NA,NA,NA,NA,,,,,,
id_087,Dāwūd b. ʾAbi Ṭaybah,Dāwūd b. ʾAbī Ṭaybah,NA,NA,NA,NA,,,,,,
id_088,GA3FAR B. MUHAMMAD B. AL-FADL AL-BAGHDADI,ǧaʿfar b. muḥammad b. al-faḍl ʾabū al-qāsim al-māristānī al-baġdādī,905,T,NA,https://dlib.nyu.edu/aco/book/cornell_aco000443/193,,,,,,
id_089,His students,ANON_5,NA,NA,NA,NA,,,,,,
id_090,Hišām b. ʿAmmār,Hišām b. ʿAmmār,NA,NA,NA,NA,,,,,,
id_091,Hubayrah b. Muḥammad al-Tammār,Hubayrah b. Muḥammad al-Tammār,NA,NA,NA,NA,,,,,,
id_092,Hārūn b. Mūsā b. Šarīk al-ʾAḫfaš al-Dimašqī,Hārūn b. Mūsā b. Šarīk al-ʾAḫfaš al-Dimašqī,NA,NA,NA,NA,,,,,,
id_093,Hārūn b. Ḥātim,Hārūn b. Ḥātim,NA,NA,NA,NA,,,,,,
id_094,IBN AL-QASIM B. BASHSHAR,muḥammad b. al-qāsim al-ʾanbārī,3373,T,bios_145;id_113,https://dlib.nyu.edu/aco/book/cornell_aco000444/234,,,,,,
id_095,IBRAHIM B. ABD AL-RAHMAN B. DUHAYM AL-DIMASHQI,ʾibrāhīm b. ʿabd al-raḥmān b. ʾibrāhīm al-qurašī al-dimašqī al-maʿrūf bi-b. Duḥaym,62,T,NA,https://dlib.nyu.edu/aco/book/cornell_aco000443/20,,,,,,
id_096,IBRAHIM B. ABI MUHAMMAD,ʾibrāhīm b. ʾabī muḥammad,NA,NA,NA,NA,NA,,,,,
id_097,IBRAHIM B. AHMAD AL-WAKI3I,ʾibrāhīm b. ʾaḥmad al-wakīʿī,NA,NA,NA,NA,mentioned three times in GN: https://tabadil.com/?nasab=%D8%A5%D8%A8%D8%B1%D8%A7%D9%87%D9%8A%D9%85+%D8%A8%D9%86+%D8%A3%D8%AD%D9%85%D8%AF&nisbas=%D8%A7%D9%84%D9%88%D9%83%D9%8A%D8%B9%D9%8A&text_ids=5109,,,,,
id_098,IBRAHIM B. AL-HUSAYN AL-KISA'I,ʾibrāhīm b. al-ḥusayn al-kisāʾī,NA,NA,NA,NA,mentioned once in GN: https://tabadil.com/?nasab=%D8%A5%D8%A8%D8%B1%D8%A7%D9%87%D9%8A%D9%85+%D8%A8%D9%86+%D8%A7%D9%84%D8%AD%D8%B3%D9%8A%D9%86&nisbas=%D8%A7%D9%84%D9%83%D8%B3%D8%A7%D8%A6%D9%8A&text_ids=5109,,,,,
id_099,IBRAHIM B. QALUN,ʾibrāhīm b. ʿīsā b. qālūn b. mīnā al-madanī,88,T,bios_619,https://dlib.nyu.edu/aco/book/cornell_aco000443/26,,,,,,
id_100,IBRAHIM IBN ABBAD AL-BASRI AL-TAMIMI,ʾibrāhīm b. ʿabbād al-tamīmī al-baṣrī,61,T,NA,https://dlib.nyu.edu/aco/book/cornell_aco000443/24,,,,,,
id_101,ISHAQ B. ABI ISRAIL,ʾisḥāq b. ʾabī ʾisrāʾīl,729,T,NA,https://dlib.nyu.edu/aco/book/cornell_aco000443/153,,,,,,
id_102,ISMAIL B. SHU3AYB AL-NAHAWINDI,ʾismāʿīl b. šuʿayb ʾabū ʿalī al-nahāwandī,767,T,NA,https://dlib.nyu.edu/aco/book/cornell_aco000443/160,,,,,,
id_103,MUDAR B. MUHAMMAD B. KHALID B. AL-WALID AL-ASADI,muḍar b. muḥammad b. ḫālid b. al-walīd ʾabū muḥammad al-ḍabbī al-ʾasadī al-kūfī,3613,T,NA,https://dlib.nyu.edu/aco/book/cornell_aco000444/303,,,,,,
id_104,MUHAMMAD B. ABD AL-WAHID AL-BAGHDADI,muḥammad b. ʿabd al-wāḥid al-baġdādī,NA,NA,NA,NA,mentioned once in GN: https://tabadil.com/?nasab=%D9%85%D8%AD%D9%85%D8%AF+%D8%A8%D9%86+%D8%B9%D8%A8%D8%AF+%D8%A7%D9%84%D9%88%D8%A7%D8%AD%D8%AF&nisbas=%D8%A7%D9%84%D8%A8%D8%BA%D8%AF%D8%A7%D8%AF%D9%8A&text_ids=5109,,,,,
id_105,MUHAMMAD B. ABD ALLAH AL-BAGHDADI,muḥammad b. ʿabd allāh al-ḥarbī,3150 = 2897,T,id_148,https://dlib.nyu.edu/aco/book/cornell_aco000444/180,####,,,,,
id_106,MUHAMMAD B. AHMAD B. AL-SALT,muḥammad b. ʾaḥmad b. al-ṣalt,NA,NA,NA,NA,mentioned once in GN: https://tabadil.com/?nasab=%D9%85%D8%AD%D9%85%D8%AF+%D8%A8%D9%86+%D8%A3%D8%AD%D9%85%D8%AF+%D8%A8%D9%86+%D8%A7%D9%84%D8%B5%D9%84%D8%AA&text_ids=5109,,,,,
id_107,MUHAMMAD B. AHMAD IBN NASR B. ABI HUKMAH ABU ABD ALLAH AL-TAMIMI,muḥammad b. ʾaḥmad b. naṣr b. ʾabī ḥikmah ʾabū ʿabd allāh al-taymī al-kūfī,2813,T,NA,https://dlib.nyu.edu/aco/book/cornell_aco000444/94,,,,,,
id_108,MUHAMMAD B. AL-HASAN B. ZIYAD,ʾAbū Bakr b. Ziyād al-Naqqāš,2938,T,bios_410,https://dlib.nyu.edu/aco/book/cornell_aco000444/123,,,,,,
id_109,MUHAMMAD B. AL-HAYTHAM,muḥammad b. al-hayṯam al-kūfī qāḍī ʿukbarā,3513,T,NA,https://dlib.nyu.edu/aco/book/cornell_aco000444/278,"maybe muḥammad b. al-hayṯam, qāḍī ʿukbarā = bios_138",,,,,
id_110,MUHAMMAD B. AL-HUSAYN B. SHAHRYAR ABU BAKR,muḥammad b. al-ḥusayn b. šahriyār ʾabū bakr al-qaṭṭān al-balḫī,2964,T,NA,https://dlib.nyu.edu/aco/book/cornell_aco000444/134,,,,,,
id_111,MUHAMMAD B. AL-munḏir,muḥammad b. munḏir al-kūfī,3482,T,NA,https://dlib.nyu.edu/aco/book/cornell_aco000444/270,,,,,,
id_112,MUHAMMAD B. AL-QASIM,muḥammad b. al-qāsim al-ʾanbārī,3373,T,bios_145,https://dlib.nyu.edu/aco/book/cornell_aco000444/234,####,,,,,
id_113,MUHAMMAD B. ISA B. HAYYAN,muḥammad b. ʿīsā b. ḥayyān ʾabū ǧaʿfar al-baġdādī,3343,T,NA,https://dlib.nyu.edu/aco/book/cornell_aco000444/228,his book is mentioned on the next page,,,,,
id_114,MUHAMMAD B. ISMAIL B. ZAYD AL-KHAFFAF AL-MUQRI'  AL-MA3RUF BI-MIMSHAD,muḥammad b. ʾismāʿīl b. zayd ʾabū ʿabd allāh al-ḫaffāf al-maʿrūf bi-muḥammad b. mamšāḏ,2857,T,NA,https://dlib.nyu.edu/aco/book/cornell_aco000444/105,,,,,,
id_115,MUHAMMAD B. JUNAYD,muḥammad b. ǧunayd ṣāḥib al-ʾaʿšā,NA,NA,NA,NA,mentioned twice in GN: https://tabadil.com/?nasab=%D9%85%D8%AD%D9%85%D8%AF+%D8%A8%D9%86+%D8%AC%D9%86%D9%8A%D8%AF&text_ids=5109,,,,,
id_116,MUHAMMAD B. MUHAMMAD AL-DAHHAK,muḥammad b. [muḥammad/ʾaḥmad] b. al-ḍaḥḥāk ʾabū al-ḥasan al-baġdādī,3413,T,bios_199,https://dlib.nyu.edu/aco/book/cornell_aco000444/244,,,,,,
id_117,MUHAMMAD B. MUSA AL-ABBAS,muḥammad b. mūsā al-ʿabbāsī,NA,NA,NA,NA,cited in the list of ʾabū ṭāhir b. ʾabī hāšim's teachers in GN: https://tabadil.com/?nasab=%D9%85%D8%AD%D9%85%D8%AF+%D8%A8%D9%86+%D9%85%D9%88%D8%B3%D9%89&nisbas=%D8%A7%D9%84%D8%B9%D8%A8%D8%A7%D8%B3%D9%8A&text_ids=5109,,,,,
id_118,MUHAMMAD B. QURAYSH AL-A3RABI,muḥammad b. qurayš b. ʿabd al-wāḥid al-ʾaʿrābī al-baġdādī,3381,T,NA,https://dlib.nyu.edu/aco/book/cornell_aco000444/237,mentioned four times in GN: https://tabadil.com/?nasab=%D9%85%D8%AD%D9%85%D8%AF+%D8%A8%D9%86+%D9%82%D8%B1%D9%8A%D8%B4&text_ids=5109,,,,,
id_119,MUSA B. ISHAQ AL-ANSARI,mūsā b. ʾisḥāq al-ʾanṣārī,NA,NA,NA,NA,mentioned twice in GN: https://tabadil.com/?nasab=%D9%85%D9%88%D8%B3%D9%89+%D8%A8%D9%86+%D8%A5%D8%B3%D8%AD%D8%A7%D9%82&nisbas=%D8%A7%D9%84%D8%A3%D9%86%D8%B5%D8%A7%D8%B1%D9%8A&text_ids=5109,,,,,
id_120,MY FATHER,muḥammad b. ʿabd al-raḥmān b. qanbī al-dihqān ʾabū ʿabd [allāh/bakr] al-kūfī,NA,NA,NA,NA,####,,,,,
id_121,MY UNCLE AHMAD B. AL-BASSHAR IBN AL-HASAN AL-ANBARI,ʾaḥmad b. muḥammad b. baššār b. ʾabī al-ʿaǧūz,NA,NA,NA,NA,####,,,,,
id_122,Maymūn b. Ḥafṣ ʾAbū Tawbah al-Naḥwī,Maymūn b. Ḥafṣ ʾAbū Tawbah al-Naḥwī,NA,NA,NA,NA,,,,,,
id_123,Muḥammad b. Maḫlad al-ʾAnṣārī,Muḥammad b. Maḫlad al-ʾAnṣārī,NA,NA,NA,NA,,,,,,
id_124,Muḥammad b. Muḥammad al-Naffāḥ al-Bāhilī,Muḥammad b. Muḥammad al-Naffāḥ al-Bāhilī,NA,NA,NA,NA,,,,,,
id_125,Muḥammad b. Muḥammad al-Wazīr ʾAbū Bakr al-Baṣrī,Muḥammad b. Muḥammad al-Wazīr ʾAbū Bakr al-Baṣrī,NA,NA,NA,NA,,,,,,
id_126,Muḥammad b. Mūsā al-Ṣūrī,Muḥammad b. Mūsā al-Ṣūrī,NA,NA,NA,NA,,,,,,
id_127,Muḥammad b. Sabʿūn,Muḥammad b. Sabʿūn,NA,NA,NA,NA,,,,,,
id_128,Muḥammad b. Saʿdān al-Kūfī al-Muqriʾ,Muḥammad b. Saʿdān al-Kūfī al-Muqriʾ,NA,NA,NA,NA,,,,,,
id_129,Muḥammad b. Yaḥyā al-Kisāʾī al-Ṣaġīr,Muḥammad b. Yaḥyā al-Kisāʾī al-Ṣaġīr,NA,NA,NA,NA,,,,,,
id_130,Muḥammad b. Yaḥyā al-Marwazī,Muḥammad b. Yaḥyā al-Marwazī,NA,NA,NA,NA,,,,,,
id_131,Muḥammad b. Yaḥyā al-Quṭʿī,Muḥammad b. Yaḥyā al-Quṭʿī,NA,NA,NA,NA,,,,,,
id_132,Muḥammad b. Yaḥyā al-Ḫunaysī,Muḥammad b. Yaḥyā al-Ḫunaysī,NA,NA,NA,NA,,,,,,
id_133,Muḥammad b. Yūnus al-Ḥaḍramī,Muḥammad b. Yūnus al-Ḥaḍramī,NA,NA,NA,NA,,,,,,
id_134,Muḥammad b. al-Rabīʿ,Muḥammad b. al-Rabīʿ,NA,NA,NA,NA,,,,,,
id_135,Muḥammad b. al-Ǧahm,Muḥammad b. al-Ǧahm,NA,NA,NA,NA,,,,,,
id_136,Muḥammad b. al-Ḥasan b. ʿAlī al-ʾAnṭākī,Muḥammad b. al-Ḥasan b. ʿAlī al-ʾAnṭākī,NA,NA,NA,NA,,,,,,
id_137,Muḥammad b. Šuǧāʿ,Muḥammad b. Šuǧāʿ,NA,NA,NA,NA,,,,,,
id_138,Muḥammad b. Ǧarīr al-Ṭabarī,Muḥammad b. Ǧarīr al-Ṭabarī,NA,NA,NA,NA,,,,,,
id_139,Muḥammad b. Ǧaʿfar al-Firyābī,Muḥammad b. Ǧaʿfar al-Firyābī,NA,NA,NA,NA,,,,,,
id_140,Muḥammad b. ʾAḥmad al-Ḥarrānī,Muḥammad b. ʾAḥmad al-Ḥarrānī,NA,NA,NA,NA,,,,,,
id_141,Muḥammad b. ʾAḥmad b. Wāṣil,Muḥammad b. ʾAḥmad b. Wāṣil,NA,NA,NA,NA,,,,,,
id_142,Muḥammad b. ʾAḥmad b. ʿAlī al-Kātib al-Baġdādī,Muḥammad b. ʾAḥmad b. ʿAlī al-Kātib al-Baġdādī,NA,NA,NA,NA,,,,,,
id_143,Muḥammad b. ʾIbrāhīm al-Ḫawwāṣ,Muḥammad b. ʾIbrāhīm al-Ḫawwāṣ,NA,NA,NA,NA,,,,,,
id_144,Muḥammad b. ʾIdrīs al-Dandānī,Muḥammad b. ʾIdrīs al-Dandānī,NA,NA,NA,NA,,,,,,
id_145,Muḥammad b. ʾIsḥāq b. Muḥammad b. ʿAbd al-Raḥmān al-Musayyabī,Muḥammad b. ʾIsḥāq b. Muḥammad b. ʿAbd al-Raḥmān al-Musayyabī,NA,NA,NA,NA,,,,,,
id_146,Muḥammad b. ʿAbd Allāh al-Ḥarbī,Muḥammad b. ʿAbd Allāh al-Ḥarbī,NA,NA,NA,NA,,,,,,
id_147,Muḥammad b. ʿAbd Allāh b. Fulayḥ al-Madanī,Muḥammad b. ʿAbd Allāh b. Fulayḥ al-Madanī,NA,NA,NA,NA,,,,,,
id_148,Muḥammad b. ʿAbd Allāh b. ʾUštah al-ʾIṣbahānī,Muḥammad b. ʿAbd Allāh b. ʾUštah al-ʾIṣbahānī,NA,NA,NA,NA,,,,,,
id_149,Muḥammad b. ʿAbd al-Raḥīm al-ʾIṣbahānī,Muḥammad b. ʿAbd al-Raḥīm al-ʾIṣbahānī,NA,NA,NA,NA,,,,,,
id_150,Muḥammad b. ʿAmr b. Al-ʿAbbās ʾAbū Bakr al-Bāhilī,Muḥammad b. ʿAmr b. Al-ʿAbbās ʾAbū Bakr al-Bāhilī,NA,NA,NA,NA,,,,,,
id_151,Muḥammad b. ʿAmr b. ʿAwn al-Wāsiṭī,Muḥammad b. ʿAmr b. ʿAwn al-Wāsiṭī,NA,NA,NA,NA,,,,,,
id_152,Muḥammad b. ʿImrān al-Dīnawarī,Muḥammad b. ʿImrān al-Dīnawarī,NA,NA,NA,NA,,,,,,
id_153,Muḥammad b. ʿĪsā b. Rāzī al-Taymī al-ʾIṣbahānī,Muḥammad b. ʿĪsā b. Rāzī al-Taymī al-ʾIṣbahānī,NA,NA,NA,NA,,,,,,
id_154,Muḥammad b. Ḥamdūn al-Ḥaḏḏāʾ,Muḥammad b. Ḥamdūn al-Ḥaḏḏāʾ,NA,NA,NA,NA,,,,,,
id_155,Muḥammad b. Ḫalaf al-Taymī,Muḥammad b. Ḫalaf al-Taymī,NA,NA,NA,NA,,,,,,
id_156,Mūsā b. ʾIsḥāq al-Qāḍī,Mūsā b. ʾIsḥāq al-Qāḍī,NA,NA,NA,NA,,,,,,
id_157,Mūsā b. Ḥizām al-Tirmiḏī,Mūsā b. Ḥizām al-Tirmiḏī,NA,NA,NA,NA,,,,,,
id_158,Nuṣayr b. Yūsuf al-Rāzī,Nuṣayr b. Yūsuf al-Rāzī,NA,NA,NA,NA,,,,,,
id_159,Nāfiʿ b. ʾAbī Nuʿaym ʿAbd al-Raḥmān,Nāfiʿ b. ʾAbī Nuʿaym ʿAbd al-Raḥmān,NA,NA,NA,NA,,,,,,
id_160,Qunbul al-Makkī,Qunbul al-Makkī,NA,NA,NA,NA,,,,,,
id_161,Qutaybah b. Mihrān al-ʾAzāḏānī al-ʾIṣbahānī,Qutaybah b. Mihrān al-ʾAzāḏānī al-ʾIṣbahānī,NA,NA,NA,NA,,,,,,
id_162,Qālūn ʾAbū Mūsā,Qālūn ʾAbū Mūsā,NA,NA,NA,NA,,,,,,
id_163,RAW7 B. Al-FARAJ,rawḥ b. al-faraǧ al-miṣrī,NA,NA,NA,NA,mentioned three times in GN: https://tabadil.com/?nasab=%D8%B1%D9%88%D8%AD+%D8%A8%D9%86+%D8%A7%D9%84%D9%81%D8%B1%D8%AC&text_ids=5109,,,,,
id_164,Salāmah b. Hārūn,Salāmah b. Hārūn,NA,NA,NA,NA,,,,,,
id_165,Some of our teachers,ANON_4,NA,NA,NA,NA,,,,,,
id_166,Sulaym b. ʿĪsā b. Sulaym,Sulaym b. ʿĪsā b. Sulaym,NA,NA,NA,NA,,,,,,
id_167,Sulaymān b. Dāwūd al-Hāšimī,Sulaymān b. Dāwūd al-Hāšimī,NA,NA,NA,NA,,,,,,
id_168,Sulaymān b. ʿAbd al-Raḥmān al-Ṭalḥī,Sulaymān b. ʿAbd al-Raḥmān al-Ṭalḥī,NA,NA,NA,NA,,,,,,
id_169,THE BOOK OF ABD ALLAH B. AHMAD B. ISHAQ AL-ASBAHANI,ʿabd allāh b. ʾaḥmad b. ʾisḥāq al-ʾiṣbahānī,NA,NA,NA,NA,The father of Abū Nuʿaym al-ʾIṣfahānī (ʾaḥmad b. ʿabd allāh b. ʾaḥmad b. ʾisḥāq)?,,,,,
id_170,ʾAḥmad b. Wāṣil,ʾaḥmad b. wāṣil al-baġdādī,684,T,NA,https://dlib.nyu.edu/aco/book/cornell_aco000443/143,,,,,,
id_171,UBAYD ALLAH B. MUHAMMAD AL-UMARI AL-QADI,ʿubayd allāh b. muḥammad al-ʿumarī al-qāḍī,NA,NA,NA,NA,mentioned three times in GN: https://tabadil.com/?nasab=%D8%B9%D8%A8%D9%8A%D8%AF+%D8%A7%D9%84%D9%84%D9%87+%D8%A8%D9%86+%D9%85%D8%AD%D9%85%D8%AF&nisbas=%D8%A7%D9%84%D8%B9%D9%85%D8%B1%D9%8A&text_ids=5109,,,,,
id_172,UBAYD B. NU3AYM AL-SA3IDI,ʿubayd b. nuʿaym al-saʿīdī ṣāḥib al-ʾaʿšā,NA,NA,NA,NA,mentioned once in GN: https://tabadil.com/?nasab=%D8%B9%D8%A8%D9%8A%D8%AF+%D8%A8%D9%86+%D9%86%D8%B9%D9%8A%D9%85&nisbas=%D8%A7%D9%84%D8%B3%D8%B9%D9%8A%D8%AF%D9%8A&text_ids=5109,,,,,
id_173,USAMAH AL-TUJIBI,ʾaḥmad b. ʾusāmah b. samḥ al-tuǧībī,156,T,bios_587,https://dlib.nyu.edu/aco/book/cornell_aco000443/42,,,,,,
id_174,Wahb b. Zaʿmah b. Ṣāliḥ,wahb b. zumʿah b. ṣāliḥ al-makkī,3810,T,NA,https://dlib.nyu.edu/aco/book/cornell_aco000444/365,Son of id_182; also the maternal uncle of ʿabd al-malik b. ʿabd allāh b. šuʿūbah ʾabū al-walīd al-ǧiddī (?) al-makkī (1961): https://tabadil.com/reader/5109/479?highlights=%D9%88%D9%87%D8%A8%20%D8%A8%D9%86%20%D8%B2%D9%85%D8%B9%D8%A9%20%D8%A8%D9%86%20%D8%B5%D8%A7%D9%84%D8%AD,,,,,
id_175,YAHYA B. AHMAD B. HARUN AL-MUZAWWIQ,yaḥyā b. ʾaḥmad b. hārūn al-baġdādī yuʿraf bi-ḥayyūn al-muzawwiq,3826,T,NA,https://dlib.nyu.edu/aco/book/cornell_aco000444/371,contemporary of the other al-muzawwiq: https://tabadil.com/reader/5109/271?highlights=%D9%88%D9%8A%D8%AD%D9%8A%D9%89%20%D8%A8%D9%86%20%D8%A3%D8%AD%D9%85%D8%AF%20%D8%A8%D9%86%20%D9%87%D8%A7%D8%B1%D9%88%D9%86,NA,,,,
id_176,YAHYA B. SULAYMAN B. YAHYA B. SAID B. MUSLIM B. UBAYD IBN MUSLIM AL-JU3FI IBN BINT ABI MUSLIM QA'ID AL-A3MASH,yaḥyā b. sulaymān b. yaḥyā b. saʿīd b. muslim b. ʿubayd b. muslim ʾabū saʿīd al-ǧuʿfī al-kūfī,3849,T,NA,https://dlib.nyu.edu/aco/book/cornell_aco000444/377,,,,,,
id_177,Yaḥyā b. al-Ḥāriṯ al-Ḏamārī,Yaḥyā b. al-Ḥāriṯ al-Ḏamārī,NA,NA,NA,NA,,,,,,
id_178,Yaḥyā b. ʾĀdam,Yaḥyā b. ʾĀdam,NA,NA,NA,NA,,,,,,
id_179,Yūnus b. ʿAbd al-ʾAʿlā,Yūnus b. ʿAbd al-ʾAʿlā,NA,NA,NA,NA,,,,,,
id_180,ZAM3AH B. SALIH,zumʿah b. ṣāliḥ ʾabū wahb al-makkī,1297,T,NA,https://dlib.nyu.edu/aco/book/cornell_aco000443/291,father of id_176,,,,,
id_181,al-Faḍl b. Zakarīyāʾ al-Ǧarǧarāʾī,al-Faḍl b. Zakariyyāʾ al-Ǧarǧarāʾī,NA,NA,NA,NA,,,,,,
id_182,al-Mufaḍḍal b. Muḥammad al-Ḍabbī,al-Mufaḍḍal b. Muḥammad al-Ḍabbī,NA,NA,NA,NA,,,,,,
id_183,al-Qāsim b. ʾAḥmad al-Ḫayyāṭ,al-Qāsim b. ʾAḥmad al-Ḫayyāṭ,NA,NA,NA,NA,,,,,,
id_184,al-Qāsim b. ʿAbd al-Wāriṯ,al-Qāsim b. ʿAbd al-Wāriṯ,NA,NA,NA,NA,,,,,,
id_185,al-Walīd b. Muslim,al-Walīd b. Muslim,NA,NA,NA,NA,,,,,,
id_186,al-Walīd b. ʿUtbah al-ʾAšǧaʿī,al-Walīd b. ʿUtbah al-ʾAšǧaʿī,NA,NA,NA,NA,,,,,,
id_187,al-mu3la,al-muʿallā,NA,NA,NA,NA,,,,,,
id_188,al-ʿAbbās b. al-Walīd b. Mazīd,al-ʿAbbās b. al-Walīd b. Mazīd,NA,NA,NA,NA,,,,,,
id_189,al-ʿAbbās b. al-Walīd b. Mirdās,al-ʿAbbās b. al-Walīd b. Mirdās,NA,NA,NA,NA,,,,,,
id_190,al-Ḥasan b. Rašīq,al-Ḥasan b. Rašīq,NA,NA,NA,NA,,,,,,
id_191,al-Ḥasan b. al-Mubārak,al-Ḥasan b. al-Mubārak,NA,NA,NA,NA,,,,,,
id_192,al-Ḥasan b. al-Qāsim,al-Ḥasan b. al-Qāsim,NA,NA,NA,NA,,,,,,
id_193,al-Ḥasan b. al-Sarī b. Sahl,al-Ḥasan b. al-Sarī b. Sahl,NA,NA,NA,NA,,,,,,
id_194,al-Ḥasan b. al-ʿAbbās b. ʾAbī Mihrān al-Ǧammāl al-Rāzī,al-Ḥasan b. al-ʿAbbās b. ʾAbī Mihrān al-Ǧammāl al-Rāzī,NA,NA,NA,NA,,,,,,
id_195,al-Ḥasan b. al-Ḥubāb al-Daqqāq,al-Ḥasan b. al-Ḥubāb al-Daqqāq,NA,NA,NA,NA,,,,,,
id_196,al-Ḥasan b. ʿAlī b. Mālik al-ʾUšnānī,al-Ḥasan b. ʿAlī b. Mālik al-ʾUšnānī,NA,NA,NA,NA,,,,,,
id_197,al-Ḥusayn b. Šarīk,al-Ḥusayn b. Šarīk,NA,NA,NA,NA,,,,,,
id_198,Šibl b. ʿAbbād,Šibl b. ʿAbbād,NA,NA,NA,NA,,,,,,
id_199,Šuǧāʿ b. ʾAbī Naṣr al-Balḫī,Šuǧāʿ b. ʾAbī Naṣr al-Balḫī,NA,NA,NA,NA,,,,,,
id_200,Šuʿayb b. ʾAbī Murrah,Šuʿayb b. ʾAbī Murrah,NA,NA,NA,NA,,,,,,
id_201,Ǧabalah b. Mālik al-Baṣrī,Ǧabalah b. Mālik al-Baṣrī,NA,NA,NA,NA,,,,,,
id_202,Ǧaʿfar b. Muḥammad al-ʾĀdamī,Ǧaʿfar b. Muḥammad al-ʾĀdamī,NA,NA,NA,NA,,,,,,
id_203,Ǧaʿfar b. Muḥammad b. ʾAsad al-Niṣībī Ibn Ḥammāmī,Ǧaʿfar b. Muḥammad b. ʾAsad al-Niṣībī Ibn Ḥammāmī,NA,NA,NA,NA,,,,,,
id_204,Ǧaʿfar b. Muḥammad b. Ḥarb,Ǧaʿfar b. Muḥammad b. Ḥarb,NA,NA,NA,NA,,,,,,
id_205,Ǧaʿfar b. Sulaymān al-Mišḥalāʾī,Ǧaʿfar b. Sulaymān al-Mišḥalāʾī,NA,NA,NA,NA,,,,,,
id_206,Ǧaʿfar b. ʿAnbasah,Ǧaʿfar b. ʿAnbasah,NA,NA,NA,NA,,,,,,
id_207,ʾAbū Bakr Muḥammad b. al-Faraǧ,ʾAbū Bakr Muḥammad b. al-Faraǧ,NA,NA,NA,NA,,,,,,
id_208,ʾAbū Bakr Muḥammad b. ʾAḥmad al-Dāǧūnī al-Kabīr,ʾAbū Bakr Muḥammad b. ʾAḥmad al-Dāǧūnī al-Kabīr,NA,NA,NA,NA,,,,,,
id_209,ʾAbū Bakr Muḥammad b. ʿAlī b. al-Ḥasan al-Ǧulandā,ʾAbū Bakr Muḥammad b. ʿAlī b. al-Ḥasan al-Ǧulandā,NA,NA,NA,NA,,,,,,
id_210,ʾAbū Bakr b. Muǧāhid,ʾAbū Bakr b. Muǧāhid,NA,NA,NA,NA,,,,,,
id_211,ʾAbū Bakr b. Ziyād al-Naqqāš,ʾAbū Bakr b. Ziyād al-Naqqāš,NA,NA,NA,NA,,,,,,
id_212,ʾAbū Bakr b. ʿAyyāš,ʾAbū Bakr b. ʿAyyāš,NA,NA,NA,NA,,,,,,
id_213,ʾAbū Bakr ʾAḥmad b. Manṣūr,ʾAbū Bakr ʾAḥmad b. Manṣūr,NA,NA,NA,NA,,,,,,
id_214,ʾAbū Bakr ʿAbd Allāh b. Mālik b. Sayf,ʾAbū Bakr ʿAbd Allāh b. Mālik b. Sayf,NA,NA,NA,NA,,,,,,
id_215,ʾAbū Hišām Muḥammad b. Yazīd b. Rifāʿah,ʾAbū Hišām Muḥammad b. Yazīd b. Rifāʿah,NA,NA,NA,NA,,,,,,
id_216,ʾAbū Marwān ʿUbayd Allāh b. Salamah b. Ḥazm al-Yaḥṣubī al-ʾAndalusī,ʾAbū Marwān ʿUbayd Allāh b. Salamah b. Ḥazm al-Yaḥṣubī al-ʾAndalusī,NA,NA,NA,NA,,,,,,
id_217,ʾAbū Muḥammad Yaḥyā b. al-Mubārak al-Yazīdī,ʾAbū Muḥammad Yaḥyā b. al-Mubārak al-Yazīdī,NA,NA,NA,NA,,,,,,
id_218,ʾAbū Muḥammad b. ʿAbd Allāh b. Muḥammad,ʾAbū Muḥammad b. ʿAbd Allāh b. Muḥammad,NA,NA,NA,NA,,,,,,
id_219,ʾAbū Muḥammad ʿUbayd b. Muḥammad al-Marwazī al-Mukattib,ʾAbū Muḥammad ʿUbayd b. Muḥammad al-Marwazī al-Mukattib,NA,NA,NA,NA,,,,,,
id_220,ʾAbū Mūsā ʾIsḥāq b. Mūsā al-ʾAnṣārī,ʾAbū Mūsā ʾIsḥāq b. Mūsā al-ʾAnṣārī,NA,NA,NA,NA,,,,,,
id_221,ʾAbū Našīṭ Muḥammad b. Hārūn,ʾAbū Našīṭ Muḥammad b. Hārūn,NA,NA,NA,NA,,,,,,
id_222,ʾAbū Rabīʿah Muḥammad b. ʾIsḥāq b. ʾAʿyān al-Rabaʿī,ʾAbū Rabīʿah Muḥammad b. ʾIsḥāq b. ʾAʿyān al-Rabaʿī,NA,NA,NA,NA,,,,,,
id_223,ʾAbū Yaʿqūb Yūsuf b. Ǧaʿfar b. ʿAbd Allāh b. Maʿrūf,ʾAbū Yaʿqūb Yūsuf b. Ǧaʿfar b. ʿAbd Allāh b. Maʿrūf,NA,NA,NA,NA,,,,,,
id_224,ʾAbū Yaʿqūb al-ʾAzraq,ʾAbū Yaʿqūb al-ʾAzraq,NA,NA,NA,NA,,,,,,
id_225,ʾAbū Yaʿqūb ʾIsḥāq b. ʾIbrāhīm b. ʾAbī Ḥassān al-ʾAnmāṭī al-Baġdādī,ʾAbū Yaʿqūb ʾIsḥāq b. ʾIbrāhīm b. ʾAbī Ḥassān al-ʾAnmāṭī al-Baġdādī,NA,NA,NA,NA,,,,,,
id_226,ʾAbū Yūsuf Yaʿqūb al-ʾAʿšā,ʾAbū Yūsuf Yaʿqūb al-ʾAʿšā,NA,NA,NA,NA,,,,,,
id_227,ʾAbū Zayd al-ʾAnṣārī Saʿīd b. ʾAws,ʾAbū Zayd al-ʾAnṣārī Saʿīd b. ʾAws,NA,NA,NA,NA,,,,,,
id_228,ʾAbū al-Fatḥ Fāris b. ʾAḥmad b. Ḍarīr,ʾAbū al-Fatḥ Fāris b. ʾAḥmad b. Ḍarīr,NA,NA,NA,NA,,,,,,
id_229,ʾAbū al-Rabīʿ Sulaymān b. Dāwūd al-Zahrānī,ʾAbū al-Rabīʿ Sulaymān b. Dāwūd al-Zahrānī,NA,NA,NA,NA,,,,,,
id_230,ʾAbū al-Zaʿrāʾ ʿAbd al-Raḥmān b. ʿAbdūs,ʾAbū al-Zaʿrāʾ ʿAbd al-Raḥmān b. ʿAbdūs,NA,NA,NA,NA,,,,,,
id_231,ʾAbū al-ʾIḫrīṭ Wahb b. Wāḍiḥ,ʾAbū al-ʾIḫrīṭ Wahb b. Wāḍiḥ,NA,NA,NA,NA,,,,,,
id_232,ʾAbū al-ʿAbbās al-Ḥasan b. Saʿīd al-Muṭṭawwiʿī al-ʿĀbbādānī,ʾAbū al-ʿAbbās al-Ḥasan b. Saʿīd al-Muṭṭawwiʿī al-ʿĀbbādānī,NA,NA,NA,NA,,,,,,
id_233,ʾAbū al-Ḥasan ʾAḥmad b. Muḥammad b. ʿAbd Allāh al-Bazzī,ʾAbū al-Ḥasan ʾAḥmad b. Muḥammad b. ʿAbd Allāh al-Bazzī,NA,NA,NA,NA,,,,,,
id_234,ʾAbū al-Ḥasan ʾAḥmad b. Muḥammad b. ʿAlqamah al-Qawwās al-Nabbāl,ʾAbū al-Ḥasan ʾAḥmad b. Muḥammad b. ʿAlqamah al-Qawwās al-Nabbāl,NA,NA,NA,NA,,,,,,
id_235,ʾAbū al-Ḥasan ʿAlī b. Ḥamzah al-Kisāʾī,ʾAbū al-Ḥasan ʿAlī b. Ḥamzah al-Kisāʾī,NA,NA,NA,NA,,,,,,
id_236,ʾAbū al-Ḥasan Ṭāhir b. ʿAbd al-Munʿim b. ʿUbayd Allāh b. Ġalbūn,ʾAbū al-Ḥasan Ṭāhir b. ʿAbd al-Munʿim b. ʿUbayd Allāh b. Ġalbūn,NA,NA,NA,NA,,,,,,
id_237,ʾAbū al-Ḥassān ʾAḥmad b. Muḥammad b. ʾAbī al-ʾAšʿaṯ Yazīd al-ʿAnazī,ʾAbū al-Ḥassān ʾAḥmad b. Muḥammad b. ʾAbī al-ʾAšʿaṯ Yazīd al-ʿAnazī,NA,NA,NA,NA,,,,,,
id_238,ʾAbū al-Ḥusayn ʾAḥmad b. ʿUṯmān b. Būyān,ʾAbū al-Ḥusayn ʾAḥmad b. ʿUṯmān b. Būyān,NA,NA,NA,NA,,,,,,
id_239,ʾAbū al-Ḥāriṯ Salamah b. ʿĀṣim,ʾAbū al-Ḥāriṯ Salamah b. ʿĀṣim,NA,NA,NA,NA,,,,,,
id_240,ʾAbū al-Ḥāriṯ al-Layṯ b. Ḫālid,ʾAbū al-Ḥāriṯ al-Layṯ b. Ḫālid,NA,NA,NA,NA,,,,,,
id_241,ʾAbū Šuʿayb al-Qawwās al-Baġdādī,ʾAbū Šuʿayb al-Qawwās al-Baġdādī,NA,NA,NA,NA,,,,,,
id_242,ʾAbū Šuʿayb al-Sūsī,ʾAbū Šuʿayb al-Sūsī,NA,NA,NA,NA,,,,,,
id_243,ʾAbū Ǧaʿfar Muḥammad b. ʿĪsā b. Ḥayyān al-Baġdādī,ʾAbū Ǧaʿfar Muḥammad b. ʿĪsā b. Ḥayyān al-Baġdādī,NA,NA,NA,NA,,,,,,
id_244,ʾAbū Ǧaʿfar Muḥammad b. Ḥabīb al-Šummūnī,ʾAbū Ǧaʿfar Muḥammad b. Ḥabīb al-Šummūnī,NA,NA,NA,NA,,,,,,
id_245,ʾAbū Ǧaʿfar ʾAḥmad b. ʿAlī b. Fuḍayl al-Ḫazzāz,ʾAbū Ǧaʿfar ʾAḥmad b. ʿAlī b. Fuḍayl al-Ḫazzāz,NA,NA,NA,NA,,,,,,
id_246,ʾAbū ʾAyyūb Sulaymān b. al-Ḥakam al-Ḫayyāṭ,ʾAbū ʾAyyūb Sulaymān b. al-Ḥakam al-Ḫayyāṭ,NA,NA,NA,NA,,,,,,
id_247,ʾAbū ʾAḥmad ʿAbd Allāh b. al-Ḥusayn b. Ḥasnūn al-Sāmarrī,ʾAbū ʾAḥmad ʿAbd Allāh b. al-Ḥusayn b. Ḥasnūn al-Sāmarrī,NA,NA,NA,NA,,,,,,
id_248,ʾAbū ʾUmayyah,ʾAbū ʾUmayyah,NA,NA,NA,NA,,,,,,
id_249,ʾAbū ʿAbd Allāh ʾAḥmad b. ʿAbd Rabbih b. ʿAbbās,ʾAbū ʿAbd Allāh ʾAḥmad b. ʿAbd Rabbih b. ʿAbbās,NA,NA,NA,NA,,,,,,
id_250,ʾAbū ʿAbd al-Raḥmān Ibn al-Yazīdī,ʾAbū ʿAbd al-Raḥmān Ibn al-Yazīdī,NA,NA,NA,NA,,,,id_273,####,####
id_251,ʾAbū ʿAbd al-Raḥmān al-Lahabī,ʾAbū ʿAbd al-Raḥmān al-Lahabī,NA,NA,NA,NA,,,,,,
id_252,ʾAbū ʿAlī al-Ḥasan b. Dāwūd al-Naqqār,ʾAbū ʿAlī al-Ḥasan b. Dāwūd al-Naqqār,NA,NA,NA,NA,,,,,,
id_253,ʾAbū ʿAlī al-Ḥusayn b. Ḥabīb al-Ḥaṣāʾirī,ʾAbū ʿAlī al-Ḥusayn b. Ḥabīb al-Ḥaṣāʾirī,NA,NA,NA,NA,,,,,,
id_254,ʾAbū ʿAlī ʾAḥmad b. Muḥammad al-ʾIṣbahānī,ʾAbū ʿAlī ʾAḥmad b. Muḥammad al-ʾIṣbahānī,NA,NA,NA,NA,,,,,,
id_255,ʾAbū ʿUmārah Ḥamzah b. al-Qāsim al-ʾAḥwal,ʾAbū ʿUmārah Ḥamzah b. al-Qāsim al-ʾAḥwal,NA,NA,NA,NA,,,,,,
id_256,ʾAbū ʿAmr b. al-ʿAlāʾ,ʾAbū ʿAmr b. al-ʿAlāʾ,NA,NA,NA,NA,,,,,,
id_257,ʾAbū ʿUbayd al-Qāsim b. Sallām,ʾAbū ʿUbayd al-Qāsim b. Sallām,NA,NA,NA,NA,,,,,,
id_258,ʾAbū ʿUmar al-Dūrī,ʾAbū ʿUmar al-Dūrī,NA,NA,NA,NA,,,,,,
id_259,ʾAbū ʿUṯmān Saʿīd b. ʿAbd al-Raḥīm b. ʿUṯmān al-Ḍarīr,ʾAbū ʿUṯmān Saʿīd b. ʿAbd al-Raḥīm b. ʿUṯmān al-Ḍarīr,NA,NA,NA,NA,,,,,,
id_260,ʾAbū Ḥamdūn al-Ṭayyib b. ʾIsmāʿīl,ʾAbū Ḥamdūn al-Ṭayyib b. ʾIsmāʿīl,NA,NA,NA,NA,,,,,,
id_261,ʾAbū Ḫallād Sulaymān b. Ḫallād,ʾAbū Ḫallād Sulaymān b. Ḫallād,NA,NA,NA,NA,,,,,,
id_262,ʾAbū Ṭāhir ʿAbd al-Wāḥid b. ʾAbī Hāšim,ʾAbū Ṭāhir ʿAbd al-Wāḥid b. ʾAbī Hāšim,NA,NA,NA,NA,,,,,,
id_263,ʾAyyūb b. Tamīm,ʾAyyūb b. Tamīm,NA,NA,NA,NA,,,,,,
id_264,ʾAḥmad b. Faraḥ al-Mufassir al-Ḍarīr,ʾAḥmad b. Faraḥ al-Mufassir al-Ḍarīr,NA,NA,NA,NA,,,,,,
id_265,ʾAḥmad b. Munīʿ,ʾAḥmad b. Munīʿ,NA,NA,NA,NA,,,,,,
id_266,ʾAḥmad b. Muḥammad b. Zakarīyāʾ al-Ṣadafī,ʾAḥmad b. Muḥammad b. Zakariyyāʾ al-Ṣadafī,NA,NA,NA,NA,,,,,,
id_267,ʾAḥmad b. Muḥammad b. ʾAbī al-Raǧāʾ,ʾAḥmad b. Muḥammad b. ʾAbī al-Raǧāʾ,NA,NA,NA,NA,,,,,,
id_268,ʾAḥmad b. Muḥammad b. Ḥawṯarah al-ʾAṣamm,ʾAḥmad b. Muḥammad b. Ḥawṯarah al-ʾAṣamm,NA,NA,NA,NA,,,,,,
id_269,ʾAḥmad b. Muḥammad b. Ṣadaqah,ʾAḥmad b. Muḥammad b. Ṣadaqah,NA,NA,NA,NA,,,,,,
id_270,ʾAḥmad b. Naṣr b. Šākir,ʾaḥmad b. naṣr b. šākir b. ʾabī raǧāʾ ʿammār ʾabū al-ḥasan al-dimašqī,672,T,,https://dlib.nyu.edu/aco/book/cornell_aco000443/140,,,,,,
id_271,ʾAḥmad b. Qālūn ʾAbū Mūsā,ʾAḥmad b. Qālūn ʾAbū Mūsā,NA,NA,NA,NA,,,,,,
id_272,ʾAḥmad b. Rustam al-Ṭabarī,ʾAḥmad b. Rustam al-Ṭabarī,NA,NA,NA,NA,,,,,,
id_273,ʾAḥmad b. Sahl al-ʾUšnānī,ʾAḥmad b. Sahl al-ʾUšnānī,NA,NA,NA,NA,,,,,,
id_274,ʾAḥmad b. Saʿīd b. Šāhīn,ʾAḥmad b. Saʿīd b. Šāhīn,NA,NA,NA,NA,,,,,,
id_275,ʾAḥmad b. Yazīd al-Ḥulwānī,ʾAḥmad b. Yazīd al-Ḥulwānī,NA,NA,NA,NA,,,,,,
id_276,ʾAḥmad b. Yaʿqūb al-Tāʾib,ʾAḥmad b. Yaʿqūb al-Tāʾib,NA,NA,NA,NA,,,,,,
id_277,ʾAḥmad b. Yūsuf al-Taġlibī,ʾAḥmad b. Yūsuf al-Taġlibī,NA,NA,NA,NA,,,,,,
id_278,ʾAḥmad b. Zuhayr b. Ḥarb ʾAbū Bakr,ʾAḥmad b. Zuhayr b. Ḥarb ʾAbū Bakr,NA,NA,NA,NA,,,,,,
id_279,ʾAḥmad b. al-Ṣaqr al-Manbiǧī,ʾAḥmad b. al-Ṣaqr al-Manbiǧī,NA,NA,NA,NA,,,,,,
id_280,ʾAḥmad b. Ǧubayr al-ʾAnṭākī,ʾAḥmad b. Ǧubayr al-ʾAnṭākī,NA,NA,NA,NA,,,,,,
id_281,ʾAḥmad b. ʾAnas b. Mālik ʾAbū al-Ḥasan al-Dimašqī,ʾAḥmad b. ʾAnas b. Mālik ʾAbū al-Ḥasan al-Dimašqī,NA,NA,NA,NA,,,,,,
id_282,ʾAḥmad b. ʾIbrāhīm b. Ǧāmiʿ al-Sukkarī,ʾAḥmad b. ʾIbrāhīm b. Ǧāmiʿ al-Sukkarī,NA,NA,NA,NA,,,,,,
id_283,ʾAḥmad b. ʾUsāmah al-Tuǧībī,ʾAḥmad b. ʾUsāmah al-Tuǧībī,NA,NA,NA,NA,,,,,,
id_284,ʾAḥmad b. ʿAbd Allāh b. Muḥammad b. Hilāl al-ʾAzdī,ʾAḥmad b. ʿAbd Allāh b. Muḥammad b. Hilāl al-ʾAzdī,NA,NA,NA,NA,,,,,,
id_285,ʾAḥmad b. ʿUbayd Allāh al-Maḫzūmī,ʾAḥmad b. ʿUbayd Allāh al-Maḫzūmī,NA,NA,NA,NA,,,,,,
id_286,ʾAḥmad b. ʿUmar al-Wakīʿī,ʾAḥmad b. ʿUmar al-Wakīʿī,NA,NA,NA,NA,,,,,,
id_287,ʾAḥmad b. Ṣāliḥ al-Miṣrī,ʾAḥmad b. Ṣāliḥ al-Miṣrī,NA,NA,NA,NA,,,,,,
id_288,ʾIbrāhīm b. Muḥammad b. Marwān,ʾIbrāhīm b. Muḥammad b. Marwān,NA,NA,NA,NA,,,,,,
id_289,ʾIbrāhīm b. Zarbī,ʾIbrāhīm b. Zarbī,NA,NA,NA,NA,,,,,,
id_290,ʾIbrāhīm b. Ǧaʿfar,ʾIbrāhīm b. Ǧaʿfar,NA,NA,NA,NA,,,,,,
id_291,ʾIbrāhīm b. ʾAḥmad b. ʾIbrāhīm al-Buzūrī,ʾIbrāhīm b. ʾAḥmad b. ʾIbrāhīm al-Buzūrī,NA,NA,NA,NA,,,,,,
id_292,ʾIbrāhīm b. ʿAbd al-Razzāq b. al-Ḥasan al-ʾAnṭākī,ʾIbrāhīm b. ʿAbd al-Razzāq b. al-Ḥasan al-ʾAnṭākī,NA,NA,NA,NA,,,,,,
id_293,ʾIdrīs b. ʿAbd al-Karīm al-Ḥaddād,ʾIdrīs b. ʿAbd al-Karīm al-Ḥaddād,NA,NA,NA,NA,,,,,,
id_294,ʾIsmāʿīl al-Qāḍī,ʾIsmāʿīl al-Qāḍī,NA,NA,NA,NA,,,,,,
id_295,ʾIsmāʿīl b. Ǧaʿfar b. ʾAbī Kaṯīr al-ʾAnṣārī,ʾIsmāʿīl b. Ǧaʿfar b. ʾAbī Kaṯīr al-ʾAnṣārī,NA,NA,NA,NA,,,,,,
id_296,ʾIsmāʿīl b. ʾAbī Muḥammad al-Yazīdī,ʾIsmāʿīl b. ʾAbī Muḥammad al-Yazīdī,NA,NA,NA,NA,,,,,,
id_297,ʾIsmāʿīl b. ʿAbd Allāh al-Naḥḥās al-Miṣrī,ʾIsmāʿīl b. ʿAbd Allāh al-Naḥḥās al-Miṣrī,NA,NA,NA,NA,,,,,,
id_298,ʾIsmāʿīl b. ʿAbd Allāh b. Qusṭanṭīn,ʾIsmāʿīl b. ʿAbd Allāh b. Qusṭanṭīn,NA,NA,NA,NA,,,,,,
id_299,ʾIsḥāq al-ʾAzraq,ʾIsḥāq al-ʾAzraq,NA,NA,NA,NA,,,,,,
id_300,ʾIsḥāq b. Muḥammad b. ʿAbd al-Raḥmān al-Musayyabī,ʾIsḥāq b. Muḥammad b. ʿAbd al-Raḥmān al-Musayyabī,NA,NA,NA,NA,,,,,,
id_301,ʾIsḥāq b. ʾAḥmad al-Ḫuzāʿī,ʾIsḥāq b. ʾAḥmad al-Ḫuzāʿī,NA,NA,NA,NA,,,,,,
id_302,ʿAbd Allāh b. Kaṯīr,ʿAbd Allāh b. Kaṯīr,NA,NA,NA,NA,,,,,,
id_303,ʿAbd Allāh b. Muḥammad al-Ṭūsī al-Kātib,ʿAbd Allāh b. Muḥammad al-Ṭūsī al-Kātib,NA,NA,NA,NA,,,,,,
id_304,ʿAbd Allāh b. Muḥammad b. Šākir,ʿAbd Allāh b. Muḥammad b. Šākir,NA,NA,NA,NA,,,,,,
id_305,ʿAbd Allāh b. Muḥammad b. ʿAbd al-ʿAzīz ʾAbū al-Qāsim al-Baġawī,ʿAbd Allāh b. Muḥammad b. ʿAbd al-ʿAzīz ʾAbū al-Qāsim al-Baġawī,NA,NA,NA,NA,,,,,,
id_306,ʿAbd Allāh b. al-Mubārak,ʿAbd Allāh b. al-Mubārak,NA,NA,NA,NA,,,,,,
id_307,ʿAbd Allāh b. al-Ṣaqr al-Sukkarī,ʿAbd Allāh b. al-Ṣaqr al-Sukkarī,NA,NA,NA,NA,,,,,,
id_308,ʿAbd Allāh b. ʾAḥmad b. Ḏakwān,ʿAbd Allāh b. ʾAḥmad b. Ḏakwān,NA,NA,NA,NA,,,,,,
id_309,ʿAbd Allāh b. ʿAmr b. Bišr b. ʾAbī Saʿd ʾAbū Muḥammad al-Warrāq al-Baġdādī,ʿAbd Allāh b. ʿAmr b. Bišr b. ʾAbī Saʿd ʾAbū Muḥammad al-Warrāq al-Baġdādī,NA,NA,NA,NA,,,,,,
id_310,ʿAbd Allāh b. ʿAṭiyyah b. Ḥabīb al-Dimašqī al-Mufassir,ʿAbd Allāh b. ʿAṭiyyah b. Ḥabīb al-Dimašqī al-Mufassir,NA,NA,NA,NA,,,,,,
id_311,ʿAbd Allāh b. ʿĀmir al-Yaḥṣubī,ʿAbd Allāh b. ʿĀmir al-Yaḥṣubī,NA,NA,NA,NA,,,,,,
id_312,ʿAbd Allāh b. ʿĪsā al-Madanī,ʿAbd Allāh b. ʿĪsā al-Madanī,NA,NA,NA,NA,,,,,,
id_313,ʿAbd al-Bāqī b. al-Ḥasan b. al-Saqqāʾ,ʿAbd al-Bāqī b. al-Ḥasan b. al-Saqqāʾ,NA,NA,NA,NA,,,,,,
id_314,ʿAbd al-Razzāq b. al-Ḥasan al-ʾAnṭākī,ʿAbd al-Razzāq b. al-Ḥasan al-ʾAnṭākī,NA,NA,NA,NA,,,,,,
id_315,ʿAbd al-Raḥmān b. Dāwūd b. ʾAbī Ṭaybah,ʿAbd al-Raḥmān b. Dāwūd b. ʾAbī Ṭaybah,NA,NA,NA,NA,,,,,,
id_316,ʿAbd al-Raḥmān b. ʾAbī Ḥammād,ʿAbd al-Raḥmān b. ʾAbī Ḥammād,NA,NA,NA,NA,,,,,,
id_317,ʿAbd al-Wahhāb b. Fulayḥ al-Makkī,ʿAbd al-Wahhāb b. Fulayḥ al-Makkī,NA,NA,NA,NA,,,,,,
id_318,ʿAbd al-Ǧabbār b. Muḥammad al-ʿUṭāridī,ʿAbd al-Ǧabbār b. Muḥammad al-ʿUṭāridī,NA,NA,NA,NA,,,,,,
id_319,ʿAbd al-ʿAzīz b. ʿAlī b. al-ʾImām,ʿAbd al-ʿAzīz b. ʿAlī b. al-ʾImām,NA,NA,NA,NA,,,,,,
id_320,ʿAbd al-ʿAzīz b. Ḫwāstī al-Fārisī,ʿAbd al-ʿAzīz b. Ḫwāstī al-Fārisī,NA,NA,NA,NA,,,,,,
id_321,ʿAbd al-Ḥamīd b. Bakkār,ʿAbd al-Ḥamīd b. Bakkār,NA,NA,NA,NA,,,,,,
id_322,ʿAbd al-Ḥamīd b. Ṣāliḥ al-Burǧumī,ʿAbd al-Ḥamīd b. Ṣāliḥ al-Burǧumī,NA,NA,NA,NA,,,,,,
id_323,ʿAbd al-Ṣamad b. ʿAbd al-Raḥmān b. al-Qāsim,ʿAbd al-Ṣamad b. ʿAbd al-Raḥmān b. al-Qāsim,NA,NA,NA,NA,,,,,,
id_324,ʿAli b. Mūsā al-Hāšimī,ʿAlī b. Mūsā al-Hāšimī,NA,NA,NA,NA,,,,,,
id_325,ʿAlī b. Kīsah al-Miṣrī,ʿAlī b. Kīsah al-Miṣrī,NA,NA,NA,NA,,,,,,
id_326,ʿAlī b. Muḥammad b. Ṣāliḥ al-Hāšimī al-Baṣrī,ʿAlī b. Muḥammad b. Ṣāliḥ al-Hāšimī al-Baṣrī,NA,NA,NA,NA,,,,,,
id_327,ʿAlī b. Saʿīd b. al-Ḥasan b. Ḏuʿābah al-Qazzāz,ʿAlī b. Saʿīd b. al-Ḥasan b. Ḏuʿābah al-Qazzāz,NA,NA,NA,NA,,,,,,
id_328,ʿAlī b. Yūsuf b. Muḥammad ʾAbū al-Qāsim al-Baṣrī,ʿAlī b. Yūsuf b. Muḥammad ʾAbū al-Qāsim al-Baṣrī,NA,NA,NA,NA,,,,,,
id_329,ʿAlī b. al-Ḥasan al-Qaṭīʿī,ʿAlī b. al-Ḥasan al-Qaṭīʿī,NA,NA,NA,NA,,,,,,
id_330,ʿAlī b. ʾAbī Naṣr al-Naḥwī,ʿAlī b. ʾAbī Naṣr al-Naḥwī,NA,NA,NA,NA,,,,,,
id_331,ʿAlī b. ʾAḥmad b. ʾAbī Qirbah,ʿAlī b. ʾAḥmad b. ʾAbī Qirbah,NA,NA,NA,NA,,,,,,
id_332,ʿAlī b. ʿAbd al-ʿAzīz,ʿAlī b. ʿAbd al-ʿAzīz,NA,NA,NA,NA,,,,,,
id_333,ʿAlī b. Miḥṣan,ʿAlī b. Miḥṣan,NA,NA,NA,NA,,,,,,
id_334,ʿAmr b. al-Ṣabbāḥ,ʿAmr b. al-Ṣabbāḥ,NA,NA,NA,NA,,,,,,
id_335,ʿAtīq b. Mā Šāʾa Allāh al-Miṣrī,ʿAtīq b. Mā Šāʾa Allāh al-Miṣrī,NA,NA,NA,NA,,,,,,
id_336,ʿIkrimah b. Sulaymān,ʿIkrimah b. Sulaymān,NA,NA,NA,NA,,,,,,
id_337,ʿIrāk b. Ḫālid,ʿIrāk b. Ḫālid,NA,NA,NA,NA,,,,,,
id_338,ʿUbayd Allāh b. ʾAbī Muslim Muḥammad al-Faraḍī,ʿUbayd Allāh b. ʾAbī Muslim Muḥammad al-Faraḍī,NA,NA,NA,NA,,,,,,
id_339,ʿUbayd b. Muḥammad al-Bazzāz,ʿUbayd b. Muḥammad al-Bazzāz,NA,NA,NA,NA,,,,,,
id_340,ʿUbayd b. al-Ṣabbāḥ,ʿUbayd b. al-Ṣabbāḥ,NA,NA,NA,NA,,,,,,
id_341,ʿUmar b. Muḥammad b. ʿIrāk,ʿUmar b. Muḥammad b. ʿIrāk,NA,NA,NA,NA,,,,,,
id_342,ʿUmar b. Šabbah al-Numayrī,ʿUmar b. Šabbah al-Numayrī,NA,NA,NA,NA,,,,,,
id_343,ʿUṯmān b. Saʿīd Warš,ʿUṯmān b. Saʿīd Warš,NA,NA,NA,NA,,,,,,
id_344,ʿUṯmān b. Ḫurrazāḏ,ʿUṯmān b. Ḫurrazāḏ,NA,NA,NA,NA,,,,,,
id_345,ʿĀmir b. ʿUmar al-Mawṣilī al-ʾŪqiyyah,ʿĀmir b. ʿUmar al-Mawṣilī al-ʾŪqiyyah,NA,NA,NA,NA,,,,,,
id_346,ʿĀṣim b. ʾAbī al-Naǧūd Bahdalah al-ʾAsadī,ʿĀṣim b. ʾAbī al-Naǧūd Bahdalah al-ʾAsadī,NA,NA,NA,NA,,,,,,
id_347,ʿĪsā b. Wardān al-Ḥaḏḏāʾ,ʿĪsā b. Wardān al-Ḥaḏḏāʾ,NA,NA,NA,NA,,,,,,
id_348,Ḥafṣ b. Sulaymān ʾAbū ʿUmar al-ʾAsadī,Ḥafṣ b. Sulaymān ʾAbū ʿUmar al-ʾAsadī,NA,NA,NA,NA,,,,,,
id_349,Ḥammād b. Baḥr al-Kūfī,Ḥammād b. Baḥr al-Kūfī,NA,NA,NA,NA,,,,,,
id_350,Ḥamzah b. Ḥabīb al-Zayyāt,Ḥamzah b. Ḥabīb al-Zayyāt,NA,NA,NA,NA,,,,,,
id_351,Ḥusayn b. Muḥammad al-Marrūḏī,Ḥusayn b. Muḥammad al-Marrūḏī,NA,NA,NA,NA,,,,,,
id_352,Ḥusayn b. ʿAlī al-Ǧuʿfī,Ḥusayn b. ʿAlī al-Ǧuʿfī,NA,NA,NA,NA,,,,,,
id_353,Ḫalaf b. Hišām al-Bazzār,Ḫalaf b. Hišām al-Bazzār,NA,NA,NA,NA,,,,,,
id_354,Ḫalaf b. ʾIbrāhīm b. Ḫāqān,Ḫalaf b. ʾIbrāhīm b. Ḫāqān,NA,NA,NA,NA,,,,,,
id_355,Ḫallād b. Ḫālid al-Ṣayrafī,Ḫallād b. Ḫālid al-Ṣayrafī,NA,NA,NA,NA,,,,,,
id_356,Ṣāliḥ b. ʾIdrīs al-Baġdādī,Ṣāliḥ b. ʾIdrīs al-Baġdādī,NA,NA,NA,NA,,,,,,
id_357,A group of students of Warš,ANON_2,NA,NA,NA,NA,,,,,,
id_358,A group of students of Nāfiʿ,ANON_4,NA,NA,NA,NA,,,,,,
id_359,Zayd b. ʿAlī b. ʾAbī Bilāl al-Kūfī,Zayd b. ʿAlī b. ʾAbī Bilāl al-Kūfī,,,,,,,,,,
id_360,ʾAbū al-Ḥasan Muḥammad b. ʾAḥmad b. Šanabūḏ,ʾAbū al-Ḥasan Muḥammad b. ʾAḥmad b. Šanabūḏ,,,,,,,,,,
id_361,ʿAbd Allāh b. Ǧaʿfar al-Sawwāq,ʿAbd Allāh b. Ǧaʿfar al-Sawwāq,,,,,,,,,,
id_362,Muḥammad b. ʾAḥmad b. Muḥammad b. al-Ḥasan al-Daqqāq,Muḥammad b. ʾAḥmad b. Muḥammad b. al-Ḥasan al-Daqqāq,,,,,,,,,,
id_363,Zaʿmah b. Ṣāliḥ,Zuʿmah b. Ṣāliḥ,,,,,,,,,,
id_364,Yūsuf b. Yaʿqūb al-Qāḍī al-Wāsiṭī al-ʾAṣamm,Yūsuf b. Yaʿqūb al-Qāḍī al-Wāsiṭī al-ʾAṣamm,,,,,,,,,,
id_365,Yaḥyā b. Muḥammad al-ʿUlaymī,Yaḥyā b. Muḥammad al-ʿUlaymī,,,,,,,,,,
id_366,ʾAbū ʿAbd al-Raḥmān ʿAnbasah b. [al-Naḍr/ʿAmr] al-ʾAḥmar al-Yaškurī al-Naḥwī,ʾAbū ʿAbd al-Raḥmān ʿAnbasah b. [al-Naḍr/ʿAmr] al-ʾAḥmar al-Yaškurī al-Naḥwī,,,,,,,,,,
id_367,Muḥammad b. Ġālib al-ʾAnmāṭī,Muḥammad b. Ġālib al-ʾAnmāṭī,,,,,,,,,,
id_368,ʿAlī b. al-Ḥusayn al-Raqqī al-Wazzān,ʿAlī b. al-Ḥusayn al-Raqqī al-Wazzān,,,,,,,,,,
id_369,ʾAbū ʿImrān Mūsā b. Ǧarīr al-Naḥwī al-Raqqī,ʾAbū ʿImrān Mūsā b. Ǧarīr al-Naḥwī al-Raqqī,,,,,,,,,,
id_370,ʾAḥmad b. ʿAbd al-Raḥmān al-Walī,ʾaḥmad b. ʿabd al-raḥmān al-wālī ʾabū bakr,,,,,,,,,,
id_371,ʾAbū ʿAlī al-Ḥasan b. al-Ḥusayn al-Ṣawwāf,ʾAbū ʿAlī al-Ḥasan b. al-Ḥusayn al-Ṣawwāf,,,,,,,,,,
id_372,Raǧāʾ b. ʿĪsā,Raǧāʾ b. ʿĪsā,,,,,,,,,,
id_373,Mawwās b. Sahl al-Maʿāfirī,Mawwās b. Sahl al-Maʿāfirī,,,,,,,,,,
id_374,ʾAbū al-Ḥusayn ʾAḥmad b. Ǧaʿfar b. al-Munādī,ʾAbū al-Ḥusayn ʾAḥmad b. Ǧaʿfar b. al-Munādī,,,,,,,,,,
id_375,ʾAbū ʿAbd Allāh Muḥammad b. Saʿīd b. Yaḥyā al-Buzūrī,ʾAbū ʿAbd Allāh Muḥammad b. Saʿīd b. Yaḥyā al-Buzūrī,,,,,,,,,,
id_376,Ḥammād b. Šuʿayb,Ḥammād b. Šuʿayb,,,,,,,,,,
id_377,ʾAbū ʾAyyūb Sulaymān b. Yaḥyā al-Ḍabbī,ʾAbū ʾAyyūb Sulaymān b. Yaḥyā al-Ḍabbī,,,,,,,,,,
id_378,Muḥammad b. al-Ḥasan b. Yūnus,Muḥammad b. al-Ḥasan b. Yūnus,,,,,,,,,,
id_379,ʾAḥmad b. Muḥammad b. Bišr al-Marwarrūḏī,ʾAḥmad b. Muḥammad b. Bišr al-Marwarrūḏī,,,,,,,,,,
id_380,Muḥammad b. Yūsuf b. Nahār al-Ḥirtakī,Muḥammad b. Yūsuf b. Nahār al-Ḥirtakī,,,,,,,,,,
id_381,ʾIbrāhīm b. ʿUmar al-Baġdādī,ʾIbrāhīm b. ʿUmar al-Baġdādī,,,,,,,,,,
id_382,Muḥammad b. Yaʿqūb b. al-Ḥaǧǧāǧ al-Muʿaddil,Muḥammad b. Yaʿqūb b. al-Ḥaǧǧāǧ al-Muʿaddil,,,,,,,,,,
id_383,ʿAbd Allāh b. ʾAḥmad al-Sāmarrī,ʿAbd Allāh b. ʾAḥmad al-Sāmarrī,,,,,,,,,,
id_384,Muǧāhid,Muǧāhid,,,,,,,,,,
id_385,Dirbās,Dirbās,,,,,,,,,,
id_386,ʾAbū Bakr ʾAḥmad b. Muḥammad b. ʾIsmāʿīl al-ʾAdamī,ʾAbū Bakr ʾAḥmad b. Muḥammad b. ʾIsmāʿīl al-ʾAdamī,,,,,,,,,,
id_387,ʿAlī b. Mustawir ʾAbū al-Ḥasan,ʿAlī b. Mastūr ʾAbū al-Ḥasan,,,,,,,,,,
id_388,ʿAbd al-Ǧabbār b. Muḥammad,ʿAbd al-Ǧabbār b. Muḥammad,,,,,,,,,,
id_389,ʾAbū Ǧaʿfar ʾAḥmad b. ʾIsḥāq b. ʾIbrāhīm al-Ḫayyāṭ,ʾAbū Ǧaʿfar ʾAḥmad b. ʾIsḥāq b. ʾIbrāhīm al-Ḫayyāṭ,,,,,,,,,,
id_390,ʾAḥmad b. Muḥammad al-Wāsiṭī,ʾAḥmad b. Muḥammad al-Wāsiṭī,,,,,,,,,,
id_391,ʿĀmir b. Saʿīd al-Ḥarašī,ʿĀmir b. Saʿīd al-Ḥarašī,,,,,,,,,,
id_392,Maʿrūf b. Muškān,Maʿrūf b. Muškān,,,,,,,,,,
id_393,ʾAḥmad b. Muḥammad b. Hārūn b. Baqarah,ʾAḥmad b. Muḥammad b. Hārūn b. Baqarah,,,,,,,,,,
id_394,Naẓīf b. ʿAbd Allāh al-Ḥalabī al-Kisrawī,Naẓīf b. ʿAbd Allāh al-Ḥalabī al-Kisrawī,,,,,,,,,,
id_395,ʾAbū al-Ṭayyib ʿAbd al-Munʿim b. ʿUbayd Allāh b. Ġalbūn,ʾAbū al-Ṭayyib ʿAbd al-Munʿim b. ʿUbayd Allāh b. Ġalbūn,,,,,,,,,,
id_396,ʿAbd Allāh b. Kaṯīr al-Ṣaġīr,ʿAbd Allāh b. Kaṯīr al-Ṣaġīr,,,,,,,,,,
id_397,ʾIsḥāq b. Maḫlad al-Daqqāq,ʾIsḥāq b. Maḫlad al-Daqqāq,,,,,,,,,,
id_398,ABU BAKR MUHAMMAD B. AL-HUSAYN AL-DHUHLI,ʾabū bakr muḥammad b. al-ḥusayn al-ḏuhlī,NA,NA,NA,NA,NA,,,,,
id_399,MUHAMMAD B. AL-MUNDHIR,muḥammad b. al-munḏir al-kūfī,3482,T,,https://dlib.nyu.edu/aco/book/cornell_aco000444/270,,,,,,
id_400,Šuʿayb b. ʾAyyūb al-Ṣarīfīnī,Šuʿayb b. ʾAyyūb al-Ṣarīfīnī,,,,,,,,,,
id_401,ʿAlī b. Saʿīd al-Bazzāz,ʿAlī b. Saʿīd al-Bazzāz,,,,,,,,,,
id_402,IBRAHIM AL-SIMSAR,ʾibrāhīm b. ʿabd allāh ʾabū ʾisḥāq al-simsār,129,T,,https://dlib.nyu.edu/aco/book/cornell_aco000443/34,,,,,,
id_403,ʿUṯmān b. ʾAḥmad b. Samʿān al-Muǧāšī,ʿUṯmān b. ʾAḥmad b. Samʿān al-Muǧāšī,,,,,,,,,,
id_404,ʾAbū Bakr Muḥammad b. al-Ḥasan b. Yaʿqūb b. Miqsam,ʾAbū Bakr Muḥammad b. al-Ḥasan b. Yaʿqūb b. Miqsam,,,,,,,,,,
id_405,al-Qāsim b. Yazīd al-Wazzān,al-Qāsim b. Yazīd al-Wazzān,,,,,,,,,,
id_406,Muḥammad b. Yūsuf al-Muqriʾ al-maʿrūf bi-l-Nāqid,Muḥammad b. Yūsuf al-Muqriʾ al-maʿrūf bi-l-Nāqid,,,,,,,,,,
id_407,ʿAbd Allāh b. Ṯābit,ʿabd allāh b. ṯābit ʾabū muḥammad al-tawwazī,1750,T,,https://dlib.nyu.edu/aco/book/cornell_aco000443/407,,,,,,
id_408,ABU BAKR AHMAD B. ABD ALLAH B. AL-KHASHAF AL-BAGHDADI AL-MUQRI',ʾaḥmad b. ʿabd allāh b. al-ḫasaf ʾabū bakr al-baġdādī,320,T,,https://dlib.nyu.edu/aco/book/cornell_aco000443/76,,,,,,
id_409,ʾAbū al-Ḥasan Muḥammad b. ʿAbd al-Raḥmān b. ʾAḥmad al-Baġdādī,ʾAbū al-Ḥasan Muḥammad b. ʿAbd al-Raḥmān b. ʾAḥmad al-Baġdādī,,,,,,,,,,
id_410,Muḥammad b. Sinān al-Šayzarī,Muḥammad b. Sinān al-Šayzarī,,,,,,,,,,
id_411,ABI MUSA B. SULAYMAN AL-HIJAZI AL-SHAYZARI,ʿīsā b. sulaymān ʾabū mūsā al-ḥiǧāzī al-šayzarī al-ḥanafī,2490,,,,,,,,,
id_412,ʾAbū al-Qāsim ʿAlī b. al-Ḥusayn b. al-Safr al-Ǧarašī,ʾAbū al-Qāsim ʿAlī b. al-Ḥusayn b. al-Safr al-Ǧarašī,,,,,,,,,,
id_413,ʾAbū ʾIsḥāq ʾIbrāhīm b. al-Ḥasan al-Naqqāš,ʾAbū ʾIsḥāq ʾIbrāhīm b. al-Ḥasan al-Naqqāš,,,,,,,,,,
id_414,Muḥammad b. ʿAbd al-Raḥmān al-Ḫayyāṭ,Muḥammad b. ʿAbd al-Raḥmān al-Ḫayyāṭ,,,,,,,,,,
id_415,ʾAḥmad b. Ḥammād,ʾAḥmad b. Ḥammād,,,,,,,,,,
id_416,ABU AL-ABBAS MUHAMMAD B. AHMAD AL-RAZI,ʾabū al-ʿabbās muḥammad b. ʾaḥmad al-rāzī,NA,,,,,,,,,
id_417,ʾAbū Muḥammad al-Ḥasan b. Ṣāliḥ al-Wāsiṭī,ʾAbū Muḥammad al-Ḥasan b. Ṣāliḥ al-Wāsiṭī,985,T,,https://dlib.nyu.edu/aco/book/cornell_aco000443/212,,,,,,
id_418,al-Ḥasan b. ʿAlī al-Šaḥḥām,al-Ḥasan b. ʿAlī al-Šaḥḥām,,,,,,,,,,
id_419,ʾAbū Ǧaʿfar ʾAḥmad b. Naṣr al-Tirmiḏī,ʾAbū Ǧaʿfar ʾAḥmad b. Naṣr al-Tirmiḏī,,,,,,,,,,
id_420,ʿAbd al-Maǧīd b. Miskīn,ʿAbd al-Maǧīd b. Miskīn,,,,,,,,,,
id_421,Muḥammad b. Saʿīd al-ʾAnmāṭī,Muḥammad b. Saʿīd al-ʾAnmāṭī,,,,,,,,,,
id_422,ʾAbū ʿAbd Allāh Muḥammad b. ʿAbd Allāh al-ʾAnmāṭī,ʾAbū ʿAbd Allāh Muḥammad b. ʿAbd Allāh al-ʾAnmāṭī,,,,,,,,,,
id_423,ʾAbū Salamah al-Ḥamrāwī,ʾAbū Salamah al-Ḥamrāwī,,,,,,,,,,
id_424,Muḥammad b. ʿAbd Allāh al-Maʿārifī,Muḥammad b. ʿAbd Allāh al-Maʿāfirī,,,,,,,,,,
id_425,ʾAbū Bakr Muḥammad b. Ḥamīd al-Qabbāb,ʾAbū Bakr Muḥammad b. Ḥamīd al-Qabbāb,,,,,,,,,,
id_426,ʿAlī b. ʾAbī Raṣāṣah,ʿAlī b. ʾAbī Raṣāṣah,,,,,,,,,,
id_427,Ḥamdān b. ʿAwn,Ḥamdān b. ʿAwn,,,,,,,,,,
id_428,ʾAḥmad b. Muḥammad b. Ḥaǧǧāǧ al-Rišdīn,ʾAḥmad b. Muḥammad b. Ḥaǧǧāǧ al-Rišdīn,,,,,,,,,,
id_429,UBAYD ALLAH B. MUSLIM B. IBRAHIM,ʿubayd allāh b. muslim b. ʾibrāhīm,NA,NA,NA,NA,,,,,,
id_430,Sulaymān b. Dāwūd al-Mahrī b. ʾAḫī al-Rišdīnī,Sulaymān b. Dāwūd al-Mahrī b. ʾAḫī al-Rišdīnī,,,,,,,,,,
id_431,ʾAbū ʿAlī al-Ḥusayn b. al-Ǧunayd al-Makfūf,ʾAbū ʿAlī al-Ḥusayn b. al-Ǧunayd al-Makfūf,,,,,,,,,,
id_432,ʾAbū ʿAbd Allāh ʾIbrāhīm b. ʿAbd al-ʿAzīz b. al-Ḥasan al-Fārisī,ʾAbū ʿAbd Allāh ʾIbrāhīm b. ʿAbd al-ʿAzīz b. al-Ḥasan al-Fārisī,,,,,,,,,,
id_433,Muḥammad b. al-Ṣabbāḥ,Muḥammad b. al-Ṣabbāḥ,,,,,,,,,,
id_434,ʾAbū Bakr Muḥammad b. Mūsā b. Sulaymān al-Zaynabī,ʾAbū Bakr Muḥammad b. Mūsā b. Sulaymān al-Zaynabī,,,,,,,,,,
id_435,Al-ʿAbbās b. al-Faḍl b. Šāḏān,Al-ʿAbbās b. al-Faḍl b. Šāḏān,,,,,,,,,,
id_436,ʾAbū ʾIsḥāq ʿUbayd Allāh b. ʾIbrāhīm al-Baġdādī,ʾAbū ʾIsḥāq ʿUbayd Allāh b. ʾIbrāhīm al-Baġdādī,,,,,,,,,,
id_437,ʾAbū Bakr ʿAbd al-Raḥmān b. ʿUmar b. ʿAlī al-Baġdādī,ʾAbū Bakr ʿAbd al-Raḥmān b. ʿUmar b. ʿAlī al-Baġdādī,,,,,,,,,,
id_438,šuyūḫu-h,ANON_1,NA,NA,NA,NA,,,,,,
id_439,ʾAbū ʿAbd Allāh Muḥammad b. ʾAḥmad b. ʾIbrāhīm al-Balḫī,ʾAbū ʿAbd Allāh Muḥammad b. ʾAḥmad b. ʾIbrāhīm al-Balḫī,,,,,,,,,,
id_440,ʾAbū al-Ḥasan Muḥammad b. Muḥammad b. Hārūn al-Rabaʿī,ʾAbū al-Ḥasan Muḥammad b. Muḥammad b. Hārūn al-Rabaʿī,,,,,,,,,,
id_441,ʾAbū ʿAlī al-Ḥusayn b. Muḥammad al-Ḥaddād,al-ḥusayn b. maḥmūd ʾabū ʿalī al-ḥaddād al-makkī,,,,,,,,,,
id_442,ʾAbū Bakr Muḥammad b. ʿImrān al-Dīnawarī,ʾAbū Bakr Muḥammad b. ʿImrān al-Dīnawarī,,,,,,,,,,
id_443,Muḥammad b. ʿAlī b. Muḥammad al-Mālikī,Muḥammad b. ʿAlī b. Muḥammad al-Mālikī,,,,,,,,,,
id_444,ABU BAKR AL-ATTAR,ʾabū bakr al-ʿaṭṭār,850,T,,https://dlib.nyu.edu/aco/book/cornell_aco000443/179,,,,,,
id_445,ʿAlī b. ʿAbd al-ʿAzīz ʾAbū al-Ḥasan al-Jallāʾ,ʿAlī b. ʿAbd al-ʿAzīz ʾAbū al-Ḥasan al-Jallāʾ,,,,,,,,,,
id_446,ʿUmar b. ʿAlān,ʿUmar b. ʿAlān,,,,,,,,,,
id_447,ABU MUHAMMAD al-Ḥasan B. SALIH,ʾAbū Muḥammad al-Ḥasan b. Ṣāliḥ al-Wāsiṭī,985,T,,https://dlib.nyu.edu/aco/book/cornell_aco000443/212,,,,,,
id_448,ʾAbū ʿUṯmān al-Naḥwī al-Raqqī,ʾAbū ʿUṯmān al-Naḥwī al-Raqqī,,,,,,,,,,
id_449,Muslim b. ʿAbd al-ʿAzīz,Muslim b. ʿAbd al-ʿAzīz,,,,,,,,,,
id_450,Muḥammad b. ʾIsmāʿīl ʾAbū Bakr al-Qurašī,Muḥammad b. ʾIsmāʿīl ʾAbū Bakr al-Qurašī,,,,,,,,,,
id_451,ABU BAKR AHMAD B. AL-HUSAYN AL-NAHWI AL-MUQRI',ʾaḥmad b. al-ḥusayn al-naḥwī ʾabū bakr al-raqqī al-kattānī,210,T,,https://dlib.nyu.edu/aco/book/cornell_aco000443/54,,,,,,
id_452,ʾAbū Qubayṣah Ḥātim b. ʾIsḥāq al-Mawṣilī,ʾAbū Qubayṣah Ḥātim b. ʾIsḥāq al-Mawṣilī,,,,,,,,,,
id_453,ʾAḥmad b. Samʿawayh,ʾAḥmad b. Samʿawayh,,,,,,,,,,
id_454,ʿĪsā b. Raṣāṣ,ʿĪsā b. Raṣāṣ,,,,,,,,,,
id_455,ʾAḥmad ʿAbd Allāh b. Masʿūd al-Sarrāǧ,ʾAḥmad ʿAbd Allāh b. Masʿūd al-Sarrāǧ,,,,,,,,,,
id_456,ʾAbū ʿAlī al-ʿAyn Zarbī al-Mawṣilī,ʾAbū ʿAlī al-ʿAyn Zarbī al-Mawṣilī,,,,,,,,,,
id_457,Muḥammad b. Ṣāliḥ,Muḥammad b. Ṣāliḥ,,,,,,,,,,
id_458,ALI B. ABD ALLAH B. MUHAMMAD AL-MUQRI,ʿalī b. ʿabd allāh b. muḥammad ʾabū al-ḥasan al-baġdādī,2263,T,,https://dlib.nyu.edu/aco/book/cornell_aco000443/550,,,,,,
id_459,ʾAbū ʿAbd Allāh Muḥammad b. ʿAbd Allāh b. ʿĪsā,ʾAbū ʿAbd Allāh Muḥammad b. ʿAbd Allāh b. ʿĪsā,,,,,,,,,,
id_460,MUHAMMAD B. ADB AL-RAHMAN AL-MUQRI,muḥammad b. ʿabd al-raḥmān al-muqriʾ,NA,NA,NA,NA,,,,,,
id_461,ABD ALLAH B. AHMAD B. ISHAQ AL-ASBAHANI,ʿabd allāh b. ʾaḥmad b. ʾisḥāq al-ʾiṣbahānī,NA,,,NA,,,,,,
id_462,Ǧaʿfar b. Muḥammad al-ʾAdamī,Ǧaʿfar b. Muḥammad al-ʾAdamī,,,,,,,,,,
id_463,ʾAḥmad b. Ṣāliḥ b. ʿUmar,ʾAḥmad b. Ṣāliḥ b. ʿUmar,,,,,,,,,,
id_464,ʾAbū al-ʿAbbās ʾAḥmad b. ʾIbrāhīm b. Marwān b. Mardawayh,ʾAbū al-ʿAbbās ʾAḥmad b. ʾIbrāhīm b. Marwān b. Mardawayh,,,,,,,,,,
id_465,ʿAbd Allāh b. Sahlān,ʿAbd Allāh b. Sahlān,,,,,,,,,,
id_466,ABU NASR AL-QASIM B. ALI,al-qāsim b. ʿalī ʾabū naṣr al-baġdādī,2597,T,,https://dlib.nyu.edu/aco/book/cornell_aco000444/23,,,,,,
id_467,ASHAB_ʾAbū Bakr b. Muǧāhid,ANON_3,NA,NA,NA,NA,,,,,,
id_468,Muḥammad b. ʾAḥmad b. Muršid,Muḥammad b. ʾAḥmad b. Muršid,,,,,,,,,,
id_469,Mūsā b. ʿAbd al-Raḥmān al-Bayrūtī,Mūsā b. ʿAbd al-Raḥmān al-Bayrūtī,,,,,,,,,,
id_470,Muḥammad b. Sulaymān b. ʾAḥmad b. Ḏakwān al-Baʿlbakī,Muḥammad b. Sulaymān b. ʾAḥmad b. Ḏakwān al-Baʿlbakī,,,,,,,,,,
id_471,ʾAbū Bakr Muḥammad b. Nuṣayr b. Ǧaʿfar al-Dimašqī b. ʾAbī Ḥamzah,ʾAbū Bakr Muḥammad b. Nuṣayr b. Ǧaʿfar al-Dimašqī b. ʾAbī Ḥamzah,,,,,,,,,,
id_472,Ǧaʿfar b. ʾAbī Dāwūd al-Nīsābūrī,Ǧaʿfar b. ʾAbī Dāwūd al-Nīsābūrī,,,,,,,,,,
id_473,Salāmah b. Ibn Hārūn,Salāmah b. Ibn Hārūn,,,,,,,,,,
id_474,ʾAḥmad b. Yūsuf al-Taġlabī,ʾAḥmad b. Yūsuf al-Taġlabī,,,,,,,,,,
id_475,ʾAbū ʿAlī al-Ḥusayn b. ʾAḥmad b. al-Ǧazīrī,ʾAbū ʿAlī al-Ḥusayn b. ʾAḥmad b. al-Ǧazīrī,,,,,,,,,,
id_476,Muḥammad b. ʾAḥmad b. ʿAbdān al-Ǧazarī,Muḥammad b. ʾAḥmad b. ʿAbdān al-Ǧazarī,,,,,,,,,,
id_477,ʾAbū al-Qāsim Muslim b. ʿUbayd Allāh b. Muḥammad,ʾAbū al-Qāsim Muslim b. ʿUbayd Allāh b. Muḥammad,,,,,,,,,,
id_478,UBAYD ALLAH,ʿubayd allāh,NA,,,NA,,,,,,
id_479,MUHAMMAD B. SAHL AL-WAKIL,muḥammad b. sahl b. ʿabd al-raḥmān ʾabū bakr al-wakīl al-baġdādī,3052,T,,https://dlib.nyu.edu/aco/book/cornell_aco000444/155,,,,,,
id_480,ABU HAFS UBAYD ALLAH B. ALI Al-MUQRI',ʿubayd allāh b. ʿalī ʾabū ǧaʿfar al-muqriʾ,2036,T,,https://dlib.nyu.edu/aco/book/cornell_aco000443/485,,,,,,
id_481,al-Ḥusayn b. ʾIbrahīm b. ʾAbī ʿAǧram al-ʾAnṭākī,al-Ḥusayn b. ʾIbrāhīm b. ʾAbī ʿAǧram al-ʾAnṭākī,,,,,,,,,,
id_482,ʾAbū Bakr ʾAḥmad b. Yūsuf al-Qāfulāʾī,ʾAbū Bakr ʾAḥmad b. Yūsuf al-Qāfulānī,,,,,,,,,,
id_483,ʾAbū Bakr ʾAḥmad b. Muḥammad al-Daǧāǧī,ʾAbū Bakr ʾAḥmad b. Muḥammad al-Daǧāǧī,,,,,,,,,,
id_484,MUHAMMAD B. ALI,muḥammad b. ʿalī,NA,NA,NA,NA,,,,,,
id_485,AL-HAJJAJ B. HAMZAH B. SUWAYD,ḥaǧǧāǧ b. ḥamzah b. suwayd ʾabū yūsuf al-ḫaššābī al-qāḍī,935,T,,https://dlib.nyu.edu/aco/book/cornell_aco000443/199,,,,,,
id_486,ʾIbrāhīm b. ʿAbd al-Raḥmān al-Baġdādī,ʾIbrāhīm b. ʿAbd al-Raḥmān al-Baġdādī,,,,,,,,,,
id_487,ABU HASHIM MUHAMMAD B. SABGHUN AL-MALATI AL-MUQRI',muḥammad b. ṣabġūn ʾabū hāšim al-malaṭī nazīl miṣr,3079,T,,https://dlib.nyu.edu/aco/book/cornell_aco000444/160,,,,,,
id_488,Muḥammad b. Ḥabīb al-Šammūnī,Muḥammad b. Ḥabīb al-Šummūnī,,,,,,,,,,
id_489,ʿAlī b. al-Ḥasan al-Tamīmī,ʿAlī b. al-Ḥasan al-Tamīmī,,,,,,,,,,
id_490,ʾAbū Ǧaʿfar Muḥammad b. Ġālib al-Ṣayrafī,ʾAbū Ǧaʿfar Muḥammad b. Ġālib al-Ṣayrafī,,,,,,,,,,
id_491,ʾAbū al-Ḥasan ʿAlī b. Muḥammad b. Ḫulayʿ al-Qalānisī,ʾAbū al-Ḥasan ʿAlī b. Muḥammad b. Ḫulayʿ al-Qalānisī,,,,,,,,,,
id_492,ʾIsmāʿīl b. ʾAbī ʿAlī al-Ḫayyāṭ,ʾIsmāʿīl b. ʾAbī ʿAlī al-Ḫayyāṭ,,,,,,,,,,
id_493,ABU BAKR AL-QURŪSI,ʾabū bakr al-qurūsī,NA,,,NA,,,,,,
id_494,Al-Ḥasan b. ʿAlī al-Ḫarrāz al-ʾAbaḥḥ,Al-Ḥasan b. ʿAlī al-Ḫarrāz al-ʾAbaḥḥ,,,,,,,,,,
id_495,ALI B. NAḌR,ʿalī b. al-naḍr,NA,,,NA,"mentioned twice in GN (here) as ""ʿAlī b. al-Naḍr""",,,,,
id_496,ABU AL-HASAN ALI B. GA3FAR AL-MUQRI',ʾAbū al-Ḥasan ʿAlī b. Muḥammad b. Ḫulayʿ al-Qalānisī,2312,T,,https://dlib.nyu.edu/aco/book/cornell_aco000443/562,,,,,,
id_497,ʾAbū al-Ḥasan Zurʿān b. ʾAḥmad b. ʿĪsā al-Ṭaḥḥān,ʾAbū al-Ḥasan Zurʿān b. ʾAḥmad b. ʿĪsā al-Ṭaḥḥān,,,,,,,,,,
id_498,Ṣāliḥ b. ʾAḥmad,Ṣāliḥ b. ʾAḥmad,,,,,,,,,,
id_499,ʿAbd al-Ṣamad b. Muḥammad al-ʿAynūnī,ʿAbd al-Ṣamad b. Muḥammad al-ʿAynūnī,,,,,,,,,,
id_500,ʾIbrāhīm b. al-Ḥasan,ʾIbrāhīm b. al-Ḥasan,,,,,,,,,,
id_501,Muḥammad b. ʾAḥmad b. Hārūn,Muḥammad b. ʾAḥmad b. Hārūn,,,,,,,,,,
id_502,Ḥasnūn b. al-Hayṯam al-Duwayrī,Ḥasnūn b. al-Hayṯam al-Duwayrī,,,,,,,,,,
id_503,ʾAḥmad b. al-Ḥusayn al-Māliḥānī,ʾAḥmad b. al-Ḥusayn al-Māliḥānī,,,,,,,,,,
id_504,MY FATHER_al-Qāsim b. Baššār b. al-Ḥasan al-ʾAnbārī,al-Qāsim b. Baššār b. al-Ḥasan al-ʾAnbārī,,,,,,,,,,
id_505,al-Qāsim b. Baššār b. al-Ḥasan al-ʾAnbārī,al-Qāsim b. Baššār b. al-Ḥasan al-ʾAnbārī,,,,,,,,,,
id_506,ʾAḥmad b. ʿUbayd Allāh b. Ḥamdān,ʾAḥmad b. ʿUbayd Allāh b. Ḥamdān,,,,,,,,,,
id_507,ʾAbū al-ʿAbbās al-Faḍl b. ʾAḥmad al-Zubaydī al-Baġdādī,ʾAbū al-ʿAbbās al-Faḍl b. ʾAḥmad al-Zubaydī al-Baġdādī,,,,,,,,,,
id_508,ʾIbrāhīm b. ʿAbd Allāh b. Muḥammad al-Baġdādī,ʾIbrāhīm b. ʿAbd Allāh b. Muḥammad al-Baġdādī,,,,,,,,,,
id_509,ʾAḥmad b. Muḥammad b. Ḫālid b. Yazīd b. Ġazwān al-Burāthī,ʾAḥmad b. Muḥammad b. Ḫālid b. Yazīd b. Ġazwān al-Burāthī,,,,,,,,,,
id_510,Muḥammad b. Šāḏān al-Ǧawharī,Muḥammad b. Šāḏān al-Ǧawharī,,,,,,,,,,
id_511,ʿAlī b. al-Ḥusayn b. Salm al-Naḫaʿī al-Ṭabarī al-Kūfī,ʿAlī b. al-Ḥusayn b. Salm al-Naḫaʿī al-Ṭabarī al-Kūfī,,,,,,,,,,
id_512,ʾIbrāhīm b. ʿAlī al-Qaṣṣār al-Kūfī,ʾIbrāhīm b. ʿAlī al-Qaṣṣār al-Kūfī,,,,,,,,,,
id_513,ABU BAKR MUHAMMAD B. ABD AL-RAHMAN,ʾabū bakr muḥammad b. ʿabd al-raḥmān,NA,,,NA,,,,,,
id_514,Salm al-Muǧaddar al-Kūfī al-maʿrūf bi-l-ʾAbraš,Salm al-Muǧaddar al-Kūfī al-maʿrūf bi-l-ʾAbraš,,,,,,,,,,
id_515,Muḥammad b. Zakariyyāʾ al-Nušābī,Muḥammad b. Zakariyyāʾ al-Nušābī,,,,,,,,,,
id_516,Ǧaʿfar al-Ḫaškī,Ǧaʿfar al-Ḫaškī,,,,,,,,,,
id_517,ʾIbrāhīm al-ʾAzraq,ʾIbrāhīm al-ʾAzraq,,,,,,,,,,
id_518,Muḥammad b. Ḥafṣ al-Ḥanafī,Muḥammad b. Ḥafṣ al-Ḥanafī,,,,,,,,,,
id_519,Muḥammad b. al-Hayṯam al-Kūfī,muḥammad b. al-hayṯam al-kūfī qāḍī ʿukbarā,,,,,,,,,,
id_520,MUHAMMD B. AL-FADL,muḥammad b. al-faḍl,NA,NA,NA,NA,mentioned 1:274 (§ ḫallād b. ḫālid al-ṣayrafī),,,,,
id_521,Ǧaʿfar b. ʾAḥmad b. ʾAsad,Ǧaʿfar b. ʾAḥmad b. ʾAsad,,,,,,,,,,
id_522,Yaḥyā b. ʿAlī al-Ḫazzāz,Yaḥyā b. ʿAlī al-Ḫazzāz,,,,,,,,,,
id_523,Muḥammad b. ʿUmar b. Sulaymān b. ʾAbī Maḏʿūr al-Baġdādī,Muḥammad b. ʿUmar b. Sulaymān b. ʾAbī Maḏʿūr al-Baġdādī,,,,,,,,,,
id_524,Turk al-Ḥaḏḏāʾ,Turk al-Ḥaḏḏāʾ,,,,,,,,,,
id_525,father_ʾAḥmad b. ʾUsāmah al-Tuǧībī,ʾUsāmah al-Tuǧībī,,,,,,,,,,
id_526,ABU ABD ALLAH MUHAMMAD B. AHMAD B. IBRAHIM,muḥammad b. ʾaḥmad b. ʾibrāhīm ʾabū ʿabd allāh al-baġdādī al-maʿrūf bi-al-rāmī,2702,T,,https://dlib.nyu.edu/aco/book/cornell_aco000444/55,,,,,,
id_527,Ǧaʿfar b. Muḥammad al-Rāfiqī ʾAbū ʿAbd Allāh,Ǧaʿfar b. Muḥammad al-Rāfiqī ʾAbū ʿAbd Allāh,,,,,,,,,,
id_528,Muḥammad b. Ḥamdūn al-Munaqqī,Muḥammad b. Ḥamdūn al-Munaqqī,,,,,,,,,,
id_529,ʾAḥmad b. al-Ḥasan al-Baṭṭī,ʾAḥmad b. al-Ḥasan al-Baṭṭī,,,,,,,,,,
id_530,ʾAbū al-Hasan ʿAlī b. al-Ḥusayn al-Muqriʾ al-Naḥwī al-Rāzī,ʾAbū al-Ḥasan ʿAlī b. al-Ḥusayn al-Muqriʾ al-Naḥwī al-Rāzī,,,,,,,,,,
id_531,al-Ḥusayn b. Šuʿayb al-Kūfī,al-Ḥusayn b. Šuʿayb al-Kūfī,,,,,,,,,,
id_532,DAWUD B. SULAYMAN,dāwūd b. sulaymān,1253,T,,https://dlib.nyu.edu/aco/book/cornell_aco000443/275,,,,,,
id_533,ʾAbū al-ʿAbbās al-Ḍarīr,ʾAbū al-ʿAbbās al-Ḍarīr,,,,,,,,,,
id_534,ʾAbū al-Faraǧ ʿUbayd Allāh b. ʿUmar al-Maṣāḥifī,ʾAbū al-Faraǧ ʿUbayd Allāh b. ʿUmar al-Maṣāḥifī,,,,,,,,,,
id_535,ʾAbū Masʿūd al-Madanī,ʾAbū Masʿūd al-Madanī,,,,,,,,,,
id_536,ʾAbū Yaḥyā Muḥammad b. [ʾAbī ʿAbd al-Raḥmān/ʿAbd Allāh] b. Yazīd al-Makkī,ʾAbū Yaḥyā Muḥammad b. ʾAbī [ʿAbd al-Raḥmān/ʿAbd Allāh] b. Yazīd al-Makkī,,,,,,,,,,
id_537,Mardawayh,ʾAbū al-ʿAbbās ʾAḥmad b. ʾIbrāhīm b. Marwān b. Mardawayh,,,,,,,,,,
id_538,ʾAbū Muslim Muḥammad b. ʿAlī,ʾAbū Muslim Muḥammad b. ʿAlī,,,,,,,,,,
id_539,ALI B. MUHAMMAD B. BISHR,ʿalī b. muḥammad b. ʾismāʿīl b. muḥammad b. bišr al-ʾanṭākī al-tamīmī nazīl al-ʾandalus,2308,T,,https://dlib.nyu.edu/aco/book/cornell_aco000443/560,,,,,,
id_540,al-Dānī,al-Dānī,,,,,,,,,,
id_541,ʿAbd al-Wāḥid b. ʾAḥmad b. Ġazāl ʾAbū al-Faraǧ al-Ǧurǧānī,ʿAbd al-Wāḥid b. ʾAḥmad b. Ġazāl ʾAbū al-Faraǧ al-Ǧurǧānī,,,,,,,,,,
id_542,ʾIsmāʿīl b. Yaḥyā b. ʿAbd Rabbih ʾAbū ʿAlī al-Marwazī,ʾIsmāʿīl b. Yaḥyā b. ʿAbd Rabbih ʾAbū ʿAlī al-Marwazī,,,,,,,,,,
id_543,Ǧaʿfar b. Muḥammad al-Rāfiqī ʾAbū ʿAbd Allāh,Ǧaʿfar b. Muḥammad al-Rāfiqī ʾAbū ʿAbd Allāh,,,,,,,,,,
id_544,ʾAbū ʿUmārah  Ḥamzah b. al-Qāsim al-ʾAḥwal,ʾAbū ʿUmārah  Ḥamzah b. al-Qāsim al-ʾAḥwal,,,,,,,,,,
id_545,ʾAbū al-ʿAbbās al-Faḍl b. ʾAḥmad al-Zubaydī al-Baġdādī,ʾAbū al-ʿAbbās al-Faḍl b. ʾAḥmad al-Zubaydī al-Baġdādī,,,,,,,,,,
id_546,ʾAbū ʿAlī al-Ḥusayn b. Muḥammad al-Ḥaddād,ʾAbū ʿAlī al-Ḥusayn b. Muḥammad al-Ḥaddād,,,,,,,,,,