path_id,isnad_id,t0,t-1,t-2,t-3,t-4,t-5,t-6,t-7,t-8,t-9,t-10
isnad_001,jb_001,ḥaddaṯa-nā qirāʾatan,ḥaddaṯa-nā qirāʾatan min-h ʿalay-nā,qaraʾtu al-qurʾān min ʾawwali-hi ʾilā ʾāḫiri-h,ʾaḫbara-nī qaraʾa,ʾaḫbara-nī qaraʾa,qaraʾa,nan,nan,nan,nan,nan
isnad_002,jb_002,qaraʾtu al-qurʾān kulla-h,qaraʾtu,qaraʾtu,qaraʾa,qaraʾa,qaraʾa,qaraʾa,nan,nan,nan,nan
isnad_003,jb_003,qaraʾtu al-qurʾān kulla-h,ʾaḫbara-nī qaraʾa,ʾaḫbara-nī qaraʾa,ʾaḫbara-nī qaraʾa,ʾaḫbara-nī qaraʾa,ʾaḫbara-nī qaraʾa,ʾaḫbara-nī qaraʾa,nan,nan,nan,nan
isnad_004,jb_004,ḥaddaṯa-nā,ḥaddaṯa-hm,ḥaddaṯa-nā,ḥaddaṯa-nā qirāʾatan,ʾaḫbara-nā qaraʾa ʾaḫaḏa ʿan-h,ʾaḫbara-nā,qaraʾa ʾaḫaḏa al-qirāʾah yaqraʾ yawmaʾiḏ qirāʾat nāfiʿ,nan,nan,nan,nan
isnad_005,jb_005,ḥaddaṯa-nā,ḥaddaṯa-hm,ḥaddaṯa-nā,ḥaddaṯa-nā qirāʾatan,ʾaḫbara-nā qaraʾa ʾaḫaḏa ʿan-h,ʾaḫbara-nā,qaraʾa ʾaḫaḏa al-qirāʾah yaqraʾ yawmaʾiḏ qirāʾat nāfiʿ,nan,nan,nan,nan
isnad_006,jb_006,ḥaddaṯa-nā,ḥaddaṯa-hm,ḥaddaṯa-nā,ḥaddaṯa-nā,ḥaddaṯa-nā,ḥaddaṯa-nā,ʿan,nan,nan,nan,nan
isnad_007,jb_007,ʾaḫbara-nā,ḥaddaṯa-hm,ḥaddaṯa-nā,ḥaddaṯa-nā,ḥaddaṯa-nā,ḥaddaṯa-nā,ʿan,ʿan bi-l-qirāʾah,nan,nan,nan
isnad_008,jb_008,ʾaḫbara-nā,ḥaddaṯa-hm,ḥaddaṯa-nā,ḥaddaṯa-nā,ʿan,ʿan,ʿan bi-l-qirāʾah,nan,nan,nan,nan
isnad_009,jb_009,ḥaddaṯa-nī,ḥaddaṯa-hm,ʾaḫbara-nī,ḥaddaṯa-nī,ʿan,ʿan,nan,nan,nan,nan,nan
isnad_010,jb_010,ḥaddaṯa-nā,ḥaddaṯa-hm,ḥaddaṯa-nā,ḥaddaṯa-nā,ḥaddaṯa-nā,ʾaḫaḏa al-qirāʾah qaraʾa,nan,nan,nan,nan,nan
isnad_011,jb_011,ʾaḫbara-nī,ḥaddaṯa-hm,ḥaddaṯa-nī,ḥaddaṯa-nā,ḥaddaṯa-nā,ʿan ḥurūf ġayr mustawʿibah li-l-qirāʾah,nan,nan,nan,nan,nan
isnad_012,jb_012,ʾaḫbara-nī,ḥaddaṯa-nā,ḥaddaṯa-nā,ḥaddaṯa-nā,ḥaddaṯa-nā,ḥaddaṯa-nā,ʿan,ʿan ḥurūf laysat bi-l-kaṯīrah,nan,nan,nan
isnad_013,jb_013,ḥaddaṯa-na,ḥaddaṯa-hm,ḥaddaṯa-nā,ḥaddaṯa-nā,ʿan,ʿan bi-l-qirāʾah,nan,nan,nan,nan,nan
isnad_014,jb_014,ḥaddaṯa-nā,ḥaddaṯa-nā,ḥaddaṯa-nā,ḥaddaṯa-nā,ḥaddaṯa-nā,ʿan,nan,nan,nan,nan,nan
isnad_015,jb_015,qaraʾtu al-qurʾān kulla-h,qaraʾtu,ʾaḫbara-nī qaraʾ,ʾaḫbara-nī qaraʾa,ʾaḫbara-nī qaraʾa,ʾaḫbara-nī qaraʾa,ʾaḫbara-nī qaraʾ,qaraʾa,nan,nan,nan
isnad_016,jb_016,qāla lī,qāla lī,qaraʾtu,ʾaḫbara-nī qaraʾa,ʾaḫbara-nī qaraʾa,ʾaḫbara-nī qaraʾa,qaraʾa,qaraʾa,nan,nan,nan
isnad_017,jb_017,ḥaddaṯa-nā,ḥaddaṯa-nā,ḥaddaṯa-nā,ḥaddaṯa-nā,ḥaddaṯa-nā,ʿan bi-l-qirāʾah,nan,nan,nan,nan,nan
isnad_018,jb_018,ḥaddaṯa-nā,ḥaddaṯa-nā,ḥaddaṯa-nā,ḥaddaṯa-nā,ḥaddaṯa-nā,ḥaddaṯa-nā,ʿan,nan,nan,nan,nan
isnad_019,jb_019,qaraʾtu al-qurʾān kulla-h,qāla lī,qaraʾtu al-qurʾān kulla-h ʾaḫbara-nī,qaraʾa ʾaḫbarā-h,qaraʾā,qaraʾtu,qaraʾa,nan,nan,nan,nan
isnad_020,jb_020,qaraʾtu al-qurʾān kulla-h,qāla lī,qaraʾtu al-qurʾān kulla-h ʾaḫbara-nī,qaraʾa ʾaḫbarā-h,qaraʾā,qaraʾtu,qaraʾa,nan,nan,nan,nan
isnad_021,jb_021,qaraʾtu al-qurʾān kulla-h,qāla lī,qaraʾtu al-qurʾān kulla-h ʾaḫbara-nī,qaraʾa ʾaḫbarā-h,qaraʾā,qaraʾtu,qaraʾa,nan,nan,nan,nan
isnad_022,jb_022,qaraʾtu al-qurʾān kulla-h,qāla lī,qaraʾtu al-qurʾān kulla-h ʾaḫbara-nī,qaraʾa ʾaḫbarā-h,qaraʾā,qaraʾtu,qaraʾa,nan,nan,nan,nan
isnad_023,jb_023,ḥaddaṯa-nā,ḥaddaṯa-nā,ḥaddaṯa-nā,ḥaddaṯa-nā,nan,nan,nan,nan,nan,nan,nan
isnad_024,jb_024,ḥaddaṯa-nā,ḥaddaṯa-nā,ḥaddaṯa-nā,ḥaddaṯa-nā,ḥaddaṯa-nā,ʿan bi-l-qirāʾah,nan,nan,nan,nan,nan
isnad_025,jb_025,ḥaddaṯa-nā,ḥaddaṯa-nā,ḥaddaṯa-nā,ḥaddaṯa-nā,ḥaddaṯa-nā,ʿan bi-l-qirāʾah,nan,nan,nan,nan,nan
isnad_026,jb_026,ḥaddaṯa-nā,ḥaddaṯa-nā,ḥaddaṯa-nā,ḥaddaṯa-nā,ḥaddaṯa-nā,ʿan,ʿan qaraʾa ḥurūf al-qurʾān min ʾawwali-hī ʾilā ʾāḫiri-h,nan,nan,nan,nan
isnad_027,jb_027,ʾuḫbirtu ʿan,ḥaddaṯa-nā,ḥaddaṯa-nā,ḥaddaṯa-nā,ʿan bi-l-qirāʾah,nan,nan,nan,nan,nan,nan
isnad_028,jb_028,ḥaddaṯa-nā,ḥaddaṯa-nā,ʾaḫbara-nā,ḥaddaṯa-nā,ḥaddaṯa-nā,ḥaddaṯa-nā,ʿan bi-l-qirāʾah,nan,nan,nan,nan
isnad_029,jb_029,ḥaddaṯa-nā,ḥaddaṯa-hm,ḥaddaṯa-nā,ḥaddaṯa-nā,ḥaddaṯa-nā,samiʿtu ḥurūf nāfiʿ,nan,nan,nan,nan,nan
isnad_030,jb_030,ḥaddaṯa-nā,ḥaddaṯa-nā,ḥaddaṯa-nā,ḥaddaṯa-nā,ḥaddaṯa-nā,ḥaddaṯa-nā,ʿan,nan,nan,nan,nan
isnad_031,jb_031,ʾaḫbara-nī,ʾaḫbara-hm,qaraʾtu,qaraʾtu,qaraʾtu,qaraʾtu,qaraʾtu,qaraʾtu,nan,nan,nan
isnad_032,jb_032,ḥaddaṯa-nā,ḥaddaṯa-nā,ḥaddaṯa-nī,ḥaddaṯa-nā,ʾaḫbara-nā qaraʾa ʾaḫaḏa ʿan-h,ḥaddaṯa-nā,ḥaddaṯa-nā,ʿan,nan,nan,nan
isnad_033,jb_033,ḥaddaṯa-nā,ḥaddaṯa-nā,ḥaddaṯa-nā,ḥaddaṯa-nā,ʿan bi-l-qirāʾah,nan,nan,nan,nan,nan,nan
isnad_034,jb_034,ḥaddaṯa-nā,ḥaddaṯa-nā ʾaḫaḏtu ʿan-h,ḥaddaṯa-nā,ḥaddaṯa-nā,qaraʾtu hāḏihī al-qirāʾah ʾaḫaḏtu ʿan-h,nan,nan,nan,nan,nan,nan
isnad_035,jb_035,qaraʾtu,qaraʾtu,ʾaḫbara-nī qaraʾa,qaraʾtu,ʿan,ʿan,nan,nan,nan,nan,nan
isnad_036,jb_036,ḥaddaṯa-nā,ḥaddaṯa-nā,ḥaddaṯa-nā,ḥaddaṯa-nā,ʿan,ʿan,nan,nan,nan,nan,nan
isnad_037,jb_037,qaraʾtu al-qurʾān kulla-h,qaraʾtu,qaraʾtu,qaraʾa,qaraʾa,qaraʾa,qaraʾa,nan,nan,nan,nan
isnad_038,jb_038,qāla lī,qaraʾtu,qaraʾtu ʾaḫbara-nī,qaraʾa ʾaḫbara-nī,qaraʾa,qaraʾa,qaraʾa,qaraʾa,nan,nan,nan
isnad_039,jb_039,qāla lī,qaraʾtu bi-hāḏihī al-qirāʾah al-qurʾān kulla-h,qaraʾtu,qaraʾtu,qaraʾtu,qaraʾtu,qaraʾtu,qaraʾtu,nan,nan,nan
isnad_040,jb_040,qaraʾtu,qaraʾtu,qaraʾtu,qaraʾā,qaraʾa,qaraʾa,qaraʾa,nan,nan,nan,nan
isnad_041,jb_041,qaraʾtu,qaraʾtu,qaraʾtu,qaraʾā,qaraʾa,qaraʾa,qaraʾa,nan,nan,nan,nan
isnad_042,jb_042,ḥaddaṯa-nā,ḥaddaṯa-nā,ḥaddaṯa-nā,ḥaddaṯa-nā,ḥaddaṯa-nā,ʿan,ʿan,nan,nan,nan,nan
isnad_043,jb_043,qaraʾtu al-qurʾān kulla-h,qaraʾtu,qaraʾtu,qaraʾatu,qaraʾtu,qaraʾtu,qaraʾtu,nan,nan,nan,nan
isnad_044,jb_044,ḥaddaṯa-nī,ḥaddaṯa-nā,qaraʾtu,qaraʾtu,qaraʾtu,qaraʾtu,qaraʾtu,nan,nan,nan,nan
isnad_045,jb_045,qaraʾtu al-qurʾān kulla-h,qaraʾtu,qaraʾtu,qaraʾtu,qaraʾtu,qaraʾtu,qaraʾtu,qaraʾtu,nan,nan,nan
isnad_046,jb_046,ḥaddaṯa-nā,ḥaddaṯa-nā,ḥaddaṯa-nī,ḥaddaṯa-nā,ḥaddaṯa-nā,ʿan,nan,nan,nan,nan,nan
isnad_047,jb_047,ḥaddaṯa-nā,ḥaddaṯa-nā,ḥaddaṯa-nī,ḥaddaṯa-nā,ḥaddaṯa-nā,ʿan,nan,nan,nan,nan,nan
isnad_048,jb_048,qaraʾtu al-qurʾān kulla-h,qaraʾtu,qaraʾtu,qaraʾtu,qaraʾtu,qaraʾa,qaraʾa,nan,nan,nan,nan
isnad_049,jb_049,ḥaddaṯa-nī,ḥaddaṯa-nā,qaraʾtu,qaraʾtu,qaraʾtu,qaraʾtu al-qurʾān,qaraʾtu,qaraʾtu,nan,nan,nan
isnad_050,jb_050,ḥaddaṯa-nā,ḥaddaṯa-nā,ḥaddaṯa-nā,ḥaddaṯa-nā,ḥaddaṯa-nā,ʿan bi-l-qirāʾah,nan,nan,nan,nan,nan
isnad_051,jb_051,ḥaddaṯa-nā qirāʾatan min-nī ʿalay-h wa-yasmiʿ,ḥaddaṯa-nā,ḥaddaṯa-nā,ḥaddaṯa-nā,hā-kaḏā qaraʾa wa-samiʿa-h yuqraʾ ʿalay-h,nan,nan,nan,nan,nan,nan
isnad_052,jb_052,ḥaddaṯa-nā,ḥaddaṯa-nā,ḥaddaṯa-nā,ḥaddaṯa-nā,ḥaddaṯa-nā qaraʾnā hāḏihī al-ḥurūf samiʿ-nā al-ḥurūf tuqraʾ ʿalay-h,qaraʾnā hāḏihī al-ḥurūf samiʿnā-hā tuqraʾ ʿalay-h,nan,nan,nan,nan,nan
isnad_053,jb_053,ḥaddaṯa-nā,ḥaddaṯa-nā,ḥaddaṯa-nā,ḥaddaṯa-nā,ʿan,ʿan bi-l-qirāʾah,nan,nan,nan,nan,nan
isnad_054,jb_054,ḥaddaṯa-nī,ḥaddaṯa-nā,qaraʾtu,qaraʾtu,qaraʾtu,qaraʾtu,qaraʾtu,nan,nan,nan,nan
isnad_055,jb_055,ʾaḫbara-nā,ḥaddaṯa-nā,ḥaddaṯa-nā,ḥaddaṯa-nā,ḥaddaṯa-nā,ḥaddaṯa-nā,ʿan bi-l-ʾuṣūl,nan,nan,nan,nan
isnad_056,jb_056,ḥaddaṯa-nā,ḥaddaṯa-nā,ḥaddaṯa-nā,ḥaddaṯa-nā,ḥaddaṯa-nā,ʿan,nan,nan,nan,nan,nan
isnad_057,jb_057,ḥaddaṯa-nī,ḥaddaṯa-nā,qaraʾtu,qaraʾtu,qaraʾtu,qaraʾtu,nan,nan,nan,nan,nan
isnad_058,jb_058,ʾuḫbirtu ʿan,qaraʾtu,qaraʾtu,qaraʾū,nan,nan,nan,nan,nan,nan,nan
isnad_059,jb_059,ʾuḫbirtu ʿan,qaraʾtu,qaraʾtu,qaraʾū,nan,nan,nan,nan,nan,nan,nan
isnad_060,jb_060,ʾuḫbirtu ʿan,qaraʾtu,qaraʾtu,qaraʾū,nan,nan,nan,nan,nan,nan,nan
isnad_061,jb_061,ḥaddaṯa-nā,ḥaddaṯa-nā,ḥaddaṯa-nā,ḥaddaṯa-nā,ḥaddaṯa-nā,ʿan,nan,nan,nan,nan,nan
isnad_062,jb_062,qaraʾtu al-qurʾān kulla-h,qaraʾtu,qaraʾtu,qaraʾtu,qaraʾtu,qaraʾtu,qaraʾtu,nan,nan,nan,nan
isnad_063,jb_063,qaraʾtu al-qurʾān kulla-h,qaraʾnā,qaraʾtu,qaraʾtu,qaraʾtu,qaraʾtu,qaraʾtu,nan,nan,nan,nan
isnad_064,jb_064,qaraʾtu al-qurʾān kulla-h,qaraʾnā,qaraʾtu,qaraʾtu,qaraʾtu,qaraʾtu,qaraʾtu,nan,nan,nan,nan
isnad_065,jb_065,ḥaddaṯa-nā,ḥaddaṯa-nā,ḥaddaṯa-nā,ḥaddaṯa-nā,ḥaddaṯa-nā,ḥaddaṯa-nā,ʿan bi-l-qirāʾah,nan,nan,nan,nan
isnad_066,jb_066,ḥaddaṯa-nā,ḥaddaṯa-nā,ḥaddaṯa-nā,ḥaddaṯa-nā,ʿan,ʿan,nan,nan,nan,nan,nan
isnad_067,jb_067,ḥaddaṯa-nā,ḥaddaṯa-nā qālā,ḥaddaṯa-nā,ḥaddaṯa-nā,ʿan,ʿan bi-l-qirāʾah,nan,nan,nan,nan,nan
isnad_068,jb_068,ḥaddaṯa-nā,ḥaddaṯa-nā qāla,ḥaddaṯa-nā,ḥaddaṯa-nā,ʿan,ʿan bi-l-qirāʾah,nan,nan,nan,nan,nan
isnad_069,jb_069,qaraʾtu al-qurʾān kulla-h,qaraʾtu,qaraʾā,qaraʾa,qaraʾa,qaraʾa,nan,nan,nan,nan,nan
isnad_070,jb_070,qaraʾtu al-qurʾān kulla-h,qaraʾtu,qaraʾā,qaraʾa,qaraʾa,qaraʾa,nan,nan,nan,nan,nan
isnad_071,jb_071,qāla lī,qaraʾtu qālā,qaraʾnā qāla hāʾulāʾi,qaraʾnā,qaraʾtu,qaraʾtu,qaraʾtu,nan,nan,nan,nan
isnad_072,jb_072,qāla lī,qaraʾtu qālā,qaraʾnā qāla hāʾulāʾi,qaraʾnā,qaraʾtu,qaraʾtu,qaraʾtu,nan,nan,nan,nan
isnad_073,jb_073,qāla lī,qaraʾtu,qaraʾtu qāla hāʾulāʾi,qaraʾnā,qaraʾtu,qaraʾtu,qaraʾtu,nan,nan,nan,nan
isnad_074,jb_074,qāla lī,qaraʾtu,qaraʾtu qāla hāʾulāʾi,qaraʾnā,qaraʾtu,qaraʾtu,qaraʾtu,nan,nan,nan,nan
isnad_075,jb_075,qaraʾtu al-qurʾān kulla-h,qaraʾtu,qaraʾtu,qaraʾtu,qaraʾtu,qaraʾtu,qaraʾtu,nan,nan,nan,nan
isnad_076,jb_076,qaraʾtu al-qurʾān kulla-h,qaraʾtu,qaraʾtu,qaraʾtu,qaraʾtu,nan,nan,nan,nan,nan,nan
isnad_077,jb_077,ḥaddaṯa-nā,ḥaddaṯa-nā,ḥaddaṯa-nā,ḥaddaṯa-nā,ḥaddaṯa-nā,ḥaddaṯa-nā,ʿan bi-l-qirāʾah,nan,nan,nan,nan
isnad_078,jb_078,ḥaddaṯa-nā,ḥaddaṯa-nā,ḥaddaṯa-nā,ḥaddaṯa-nā,ḥaddaṯa-nā,ʿan bi-l-qirāʾah,nan,nan,nan,nan,nan
isnad_079,jb_079,qaraʾtu al-qurʾān kulla-h,qaraʾtu,qaraʾtu,qaraʾtu,qaraʾtu,qaraʾtu,qaraʾtu,nan,nan,nan,nan
isnad_080,jb_080,ḥaddaṯa-nā,ḥaddaṯa-nā,ḥaddaṯa-nā,ḥaddaṯa-nā,ʾaqraʾa-nā,ʿan,nan,nan,nan,nan,nan
isnad_081,jb_081,ḥaddaṯa-nā,ḥaddaṯa-nā,ʾaḫbara-nī,ḥaddaṯa-nā,ʿan,ʿan,nan,nan,nan,nan,nan
isnad_082,jb_082,ḥaddaṯa-nā,ḥaddaṯa-nā,ḥaddaṯa-nā,ḥaddaṯa-nā,ʿan,ʿan,nan,nan,nan,nan,nan
isnad_083,jb_083,ḥaddaṯa-nā,ḥaddaṯa-nā,ḥaddaṯa-nā,ḥaddaṯa-nā,ʿan,ʿan,nan,nan,nan,nan,nan
isnad_084,jb_084,qaraʾtu al-qurʾān kulla-h,qaraʾtu,qaraʾtu qālā,qaraʾnā,qaraʾtu,qaraʾa,qaraʾa,nan,nan,nan,nan
isnad_085,jb_085,qaraʾtu al-qurʾān kulla-h,qaraʾtu,qaraʾtū qālā,qaraʾnā,qaraʾtu,qaraʾa,qaraʾa,nan,nan,nan,nan
isnad_086,jb_086,ḥaddaṯa-nā,ḥaddaṯa-hm,ʾaḫbara-nī,qaraʾtu,qaraʾtu mahartu bi-qirāʾat nāfiʿ b. ʿabd al-raḥmān b. ʾabī nuʿaym al-madanī,ʾilā,qaraʾtu,nan,nan,nan,nan
isnad_087,jb_087,ḥaddaṯa-nā,ḥaddaṯa-hm,ʾaḫbara-nī,qaraʾtu bi-qirāʾat nāfiʿ saʾaltu-h,qaraʾtu,qaraʾtu,qaraʾtu,qaraʾtu,nan,nan,nan
isnad_088,jb_088,nan,nan,nan,nan,nan,nan,nan,nan,nan,nan,nan
isnad_089,jb_089,nan,nan,nan,nan,nan,nan,nan,nan,nan,nan,nan
isnad_090,jb_090,ḥaddaṯa-nā,ḥaddaṯa-hm,ʾaḫbara-nī,qaraʾtu,qaraʾtu ʿalā qirāʾat nāfiʿ,nan,nan,nan,nan,nan,nan
isnad_091,jb_091,ḥaddaṯa-nā,ḥaddaṯa-hm,ʾaḫbara-nī,qaraʾtu min ʾawwal al-qurʾān ʾilā surah al-mursalāt ʾaw-ʿabas ʿalā maḏhab nāfiʿ saʾaltu ʿan qirāʾati-h ʿamman ʾaḫaḏa-hā,qaraʾtu,qāla,qaraʾtu,qaraʾtu,nan,nan,nan
isnad_092,jb_092,ḥaddaṯa-nā,ḥaddaṯa-hm,ʾaḫbara-nī,qaraʾtu,qaraʾtu ʿalā ḥarf nāfiʿ b. ʿabd al-raḥmān saʾaltu-h ʿamman ʾaḫaḏa-hā,ʾaḫaḏtu,qaraʾū,nan,nan,nan,nan
isnad_093,jb_093,ḥaddaṯa-nā,ḥaddaṯa-hm,ʾaḫbara-nī,qaraʾtu,qaraʾtu mutqinan li-qirāʾat nāfiʿ saʾaltu,ʾaḫaḏtu,nan,nan,nan,nan,nan
isnad_094,jb_094,ḥaddaṯa-nā,ḥaddaṯa-hm,ʾaḫbara-nī,qaraʾtu,qaraʾtu,qaraʾtu,nan,nan,nan,nan,nan
isnad_095,jb_095,ḥaddaṯa-nā,ḥaddaṯa-hm,ʾaḫbara-nī,qaraʾtu ʿalā qirāʾat nāfiʿ,qaraʾtu qirāʾat nāfiʿ,nan,nan,nan,nan,nan,nan
isnad_096,jb_096,qaraʾtu al-qurʾān kulla-h,qaraʾtu,qaraʾtu,ʾaḫbara-nī qaraʾ,ʾaḫbara-nī qaraʾa al-qurʾān kulla-h,qaraʾt,qaraʾa,qaraʾa,nan,nan,nan
isnad_097,jb_097,ḥaddaṯa-nā qirāʾatan ʿalay-h,ḥaddaṯa-nā,qaraʾtu,ʾaḫbara-nī qaraʾa,ʾaḫbara-h qaraʾa,ʾaḫbara-nī qaraʾa,ʾaḫbara-h qaraʾa,ʾaḫbarā-h qaraʾā,nan,nan,nan
isnad_098,jb_097,ḥaddaṯa-nā qirāʾatan ʿalay-h,ḥaddaṯa-nā,qaraʾtu,ʾaḫbara-nī qaraʾa,ʾaḫbara-h qaraʾa,ʾaḫbara-nī qaraʾa,ʾaḫbara-h qaraʾa,ʾaḫbarā-h qaraʾā,nan,nan,nan
isnad_099,jb_098,qaraʾtu al-qurʾān kulla-h,qaraʾtu,qaraʾtu,qaraʾtu,qaraʾtu,nan,nan,nan,nan,nan,nan
isnad_100,jb_099,qāla lī,qāla lī,qaraʾtu,qaraʾū,nan,nan,nan,nan,nan,nan,nan
isnad_101,jb_100,qāla lī,qāla lī,qaraʾtu,qaraʾū,nan,nan,nan,nan,nan,nan,nan
isnad_102,jb_101,qāla lī,qāla lī,qaraʾtu,qaraʾū,nan,nan,nan,nan,nan,nan,nan
isnad_103,jb_102,qāla lī,qaraʾtu ʾaḫbara-nī,qaraʾa,qaraʾtu al-ḥurūf fī al-kitāb wa-yasmaʿ,nan,nan,nan,nan,nan,nan,nan
isnad_104,jb_103,qāla lī,qaraʾtu ʾaḫbara-nī,qaraʾa,qaraʾtu,qaraʾa,nan,nan,nan,nan,nan,nan
isnad_105,jb_104,qāla lī,qaraʾtu,qaraʾtu,ʾaḫbara-nī qaraʾa,ʿalā,nan,nan,nan,nan,nan,nan
isnad_106,jb_105,ḥaddaṯa-nā qirāʾatan minnī ʿalay-h wa-yasmiʿ,ḥaddaṯa-hm,ḥaddaṯa-nā,ḥaddaṯa-nā,ḥaddaṯa-nā,qaraʾtu saʾaltu ʾarwī ʿan-k hāḏihī al-qirāʾah,ʿan,ʿan,ʿan,nan,nan
isnad_107,jb_105,ḥaddaṯa-nā,ḥaddaṯa-nā,ḥaddaṯa-nā,ḥaddaṯa-nā,ḥaddaṯa-nā,qaraʾtu saʾaltu ʾarwī ʿan-k hāḏihī al-qirāʾah,ʿan,ʿan,ʿan,nan,nan
isnad_108,jb_106,ḥaddaṯa-nā,ḥaddaṯa-nā,ḥaddaṯa-nā,ḥaddaṯa-nā,ʿan,ʿan,nan,nan,nan,nan,nan
isnad_109,jb_107,ḥaddatha-nā,nan,ḥaddaṯa-nā,ʾaḫbara-nī bi-hāḏihī al-qirāʾah,ʿan,ʿan,ʿan,nan,nan,nan,nan
isnad_110,jb_108,nan,ḥaddaṯa-nā,ḥaddaṯa-nā,ʾaḫbara-nī bi-hāḏihī al-qirāʾah,ʿan,ʿan,ʿan,nan,nan,nan,nan
isnad_111,jb_109,ḥaddaṯa-nā,ḥaddaṯa-hm,ḥaddaṯa-nā,ḥaddaṯa-nā,qaraʾtu ʾaḫbara-nī,qaraʾa ʾaḫbarā-nī,qaraʾā ʾaḫbarā-h,qaraʾā,nan,nan,nan
isnad_112,jb_109,ḥaddaṯa-nā,ḥaddaṯa-hm,ḥaddaṯa-nā,ḥaddaṯa-nā,qaraʾtu ʾaḫbara-nī,qaraʾa ʾaḫbarā-h,qaraʾā ʾaḫbarā-h,qaraʾā,nan,nan,nan
isnad_113,jb_110,qaraʾtu al-qurʾān kulla-h,qaraʾtu,ʾaḫbara-nī qaraʾa,qaraʾa,nan,nan,nan,nan,nan,nan,nan
isnad_114,jb_111,qaraʾtu al-qurʾān kulla-h,qaraʾt,ʿan,qaraʾtu,qaraʾtu,nan,nan,nan,nan,nan,nan
isnad_115,jb_112,qāla lī,qāla lī,qaraʾtu,qaraʾtu,qaraʾtu,nan,nan,nan,nan,nan,nan
isnad_116,jb_113,ḥaddaṯa-nā,ḥaddaṯa-nā,ḥaddaṯa-nā,qaraʾtu ʾaḫbara-nī,qaraʾ ʾaḫbara-nī,qaraʾa ʾaḫbarā-h,qaraʾā,nan,nan,nan,nan
isnad_117,jb_113,ḥaddaṯa-nā,ḥaddaṯa-nā,ḥaddaṯa-nā,qaraʾtu ʾaḫbara-nī,qaraʾ ʾaḫbara-nī,qaraʾa ʾaḫbarā-h,qaraʾā,nan,nan,nan,nan
isnad_118,jb_114,ḥaddaṯa-nā,ḥaddaṯa-hm,ḥaddaṯa-nā,qaraʾtu ʾaḫbara-nī,qaraʾ ʾaḫbara-nī,qaraʾa,qaraʾā,nan,nan,nan,nan
isnad_119,jb_114,ḥaddaṯa-nā,ḥaddaṯa-hm,ḥaddaṯa-nā,qaraʾtu ʾaḫbara-nī,qaraʾ ʾaḫbara-nī,qaraʾa,qaraʾā,nan,nan,nan,nan
isnad_120,jb_115,ḥaddaṯa-nā,ḥaddaṯa-nā,ḥaddaṯa-nā,ḥaddaṯa-nā,qaraʾtu ʾaḫbara-nī,qaraʾa ʾaḫbara-h,qaraʾa ʾaḫbara-h,qaraʾa,nan,nan,nan
isnad_121,jb_115,ḥaddaṯa-nā,ḥaddaṯa-nā,ḥaddaṯa-nā,ḥaddaṯa-nā,ʾaḫbara-nī,qaraʾa ʾaḫbara-h,qaraʾa ʾaḫbara-h,ʿan,nan,nan,nan
isnad_122,jb_116,qaraʾtu al-qurʾān kulla-h,qaraʾtu,qaraʾtu ʾaḫbara-nī,qaraıī,qaraʾa,nan,nan,nan,nan,nan,nan
isnad_123,jb_117,qaraʾtu al-qurʾān kulla-h,qaraʾtu,qaraʾtu ʾaḫbara-nī,qaraıī,qaraʾa,nan,nan,nan,nan,nan,nan
isnad_124,jb_118,ḥaddaṯa-nā,ḥaddaṯa-nā,ḥaddaṯa-nā,ʿan,nan,nan,nan,nan,nan,nan,nan
isnad_125,jb_119,ḥaddaṯa-nā,ḥaddaṯa-nā,ḥaddaṯa-nā,ḥaddaṯa-nā,qaraʾtu,ʾaḫbara-nī qaraʾa,ʾaḫbarā-h qaraʾā,nan,nan,nan,nan
isnad_126,jb_120,ḥaddaṯa-nā,ḥaddaṯa-nā,ʾaḫbara-nī,ḥaddaṯa-nā,ʾaqraʾa-nī,ʿan,ʿan,nan,nan,nan,nan
isnad_127,jb_120,ḥaddaṯa-nā,ḥaddaṯa-nā,ʾaḫbara-nī,ḥaddaṯa-nā,ʾaqraʾa-nī,ʿan,ʿan,nan,nan,nan,nan
isnad_128,jb_121,qaraʾtu al-qurʾān kulla-h,qaraʾtu,qaraʾtu ʾaḫbarā-nī,qaraʾā samiʿa al-kitāb allaḏī ʾallafa-h al-bazzī fī qirāʾat b. kaṯīr baʿd qirāʾati-h ʿalay-h al-qurʾān,qaraʾa,nan,nan,nan,nan,nan,nan
isnad_129,jb_122,qaraʾtu al-qurʾān kulla-h,qaraʾtu,qaraʾtu ʾaḫbarā-nī,qaraʾā samiʿa al-kitāb allaḏī ʾallafa-h al-bazzī fī qirāʾat b. kaṯīr baʿd qirāʾati-h ʿalay-h al-qurʾān,qaraʾa,nan,nan,nan,nan,nan,nan
isnad_130,jb_123,qaraʾtu al-qurʾān kulla-h,qaraʾtu,qaraʾtu ʾaḫbarā-nī,qaraʾa ʾaḫbara-nī,qaraʾa,nan,nan,nan,nan,nan,nan
isnad_131,jb_124,ḥuddiṯtu,qaraʾtu,qaraʾtu,qaraʾa,nan,nan,nan,nan,nan,nan,nan
isnad_132,jb_125,ḥaddaṯa-nā,ḥaddaṯa-nā,ʾaḫbara-nī,ḥaddaṯa-nī,qaraʾtu ʾaḫbara-nī,qaraʾa ʾaḫbarā-h,qaraʾā,nan,nan,nan,nan
isnad_133,jb_125,ḥaddaṯa-nā,ḥaddaṯa-nā,ʾaḫbara-nī,ḥaddaṯa-nī,qaraʾtu ʾaḫbara-nī,qaraʾa ʾaḫbarā-h,qaraʾā,nan,nan,nan,nan
isnad_134,jb_126,ḥaddaṯa-nā,ḥaddaṯa-nā,ḥaddaṯa-nī,ʿan,nan,nan,nan,nan,nan,nan,nan
isnad_135,jb_127,ḥaddaṯa-nā,ḥaddaṯa-nā,ḥaddaṯa-nā,qaraʾtu,nan,nan,nan,nan,nan,nan,nan
isnad_136,jb_128,ḥaddaṯa-nā,ḥaddaṯa-nā,ḥaddaṯa-nā,ḥaddaṯa-nā,qaraʾtu,nan,nan,nan,nan,nan,nan
isnad_137,jb_129,ḥaddaṯa-nā,ḥaddaṯa-nā,ḥaddaṯa-nā,ḥaddaṯa-nā,ʾaqraʾa-nī,qaraʾtu ʾaḫbarā-nī,qaraʾā,qaraʾa,nan,nan,nan
isnad_138,jb_129,ḥaddaṯa-nā,ḥaddaṯa-nā,ḥaddaṯa-nā,ḥaddaṯa-nā,ʾaqraʾa-nī,qaraʾtu ʾaḫbarā-nī,qaraʾā,qaraʾa,nan,nan,nan
isnad_139,jb_130,ḥaddaṯa-nā,ḥaddaṯa-nā,ḥaddaṯa-nā,ḥaddaṯa-nā,ʾaḫbara-nī,qaraʾa,ʾaḫbarā-h qaraʾā,qaraʾa,qaraʾa,nan,nan
isnad_140,jb_130,ḥaddaṯa-nā,ḥaddaṯa-nā,ḥaddaṯa-nā,ḥaddaṯa-nā,ʾaḫbara-nī,qaraʾa,ʾaḫbarā-h qaraʾā,qaraʾa,qaraʾa,nan,nan
isnad_141,jb_130,ḥaddaṯa-nā,ḥaddaṯa-nā,ḥaddaṯa-nā,ḥaddaṯa-nā,ʾaḫbara-nī,qaraʾa,ʾaḫbarā-h qaraʾā,qaraʾa,qaraʾa,nan,nan
isnad_142,jb_130,ḥaddaṯa-nā,ḥaddaṯa-nā,ḥaddaṯa-nā,ḥaddaṯa-nā,ʾaḫbara-nī,qaraʾa,ʾaḫbarā-h qaraʾā,qaraʾa,qaraʾa,nan,nan
isnad_143,jb_131,ḥaddaṯa-nā,ḥaddaṯa-nā,qaraʾtu,qaraʾtu,qaraʾtu,qaraʾtu,ʾaḫbara-h qaraʾā,ʾaḫbara-hmā qaraʾā,qaraʾa,nan,nan
isnad_144,jb_131,ḥaddaṯa-nā,ḥaddaṯa-nā,qaraʾtu,qaraʾtu,qaraʾtu,qaraʾtu,ʾaḫbara-h qaraʾā,ʾaḫbara-hmā qaraʾā,qaraʾa,nan,nan
isnad_145,jb_131,ḥaddaṯa-nā,ḥaddaṯa-nā,qaraʾtu,qaraʾtu,qaraʾtu,qaraʾtu,ʾaḫbara-h qaraʾā,ʾaḫbara-hmā qaraʾā,qaraʾa,nan,nan
isnad_146,jb_131,ḥaddaṯa-nā,ḥaddaṯa-nā,qaraʾtu,qaraʾtu,qaraʾtu,qaraʾtu,ʾaḫbara-h qaraʾā,ʾaḫbara-hmā qaraʾā,qaraʾa,nan,nan
isnad_147,jb_132,qaraʾtu al-qurʾān kulla-h,ʾaḫbara-nī qaraʾa,ʾaḫbara-nī qaraʾ al-qurʾān min ʾawwali-hī ʾilā ʾāḫiri-h,ʾaḫbara-nī qaraʾ,ʾaḫbara-nī qaraʾa,nan,nan,nan,nan,nan,nan
isnad_148,jb_133,qāla lī,qaraʾtu al-qurʾān kulla-h,ʾaḫbara-nī qaraʾa,ʾaḫbara-nī qaraʾa,qaraʾa,nan,nan,nan,nan,nan,nan
isnad_149,jb_134,ʾuḫbirtu ʿan,qaraʾtu,qaraʾtu,nan,nan,nan,nan,nan,nan,nan,nan
isnad_150,jb_135,ʾuḫbirtu ʿan,qaraʾtu,qaraʾtu hāḏihī qirāʾat ʾahl makkah allatī ʾaǧmaʿa ʿalay-hā mašāyiḫi-hm wa-futyān-hm min qurayš wa-ġayri-hm,nan,nan,nan,nan,nan,nan,nan,nan
isnad_151,jb_136,ḥaddaṯa-nā,ḥaddaṯa-nā,qaraʾtu,ʾaḫbara-nī qaraʾa,qaraʾa,qaraʾa,nan,nan,nan,nan,nan
isnad_152,jb_137,ḥaddaṯa-nā,ḥaddaṯa-nā,ḥaddaṯa-nā,ḥaddaṯa-nā,ʿan,ʿan bi-l-qirāʾah,nan,nan,nan,nan,nan
isnad_153,jb_138,ḥaddaṯa-nā,ḥaddaṯa-nā,ḥaddaṯa-nā,ḥaddaṯa-nā,ʿan,ʿan bi-l-qirāʾah,nan,nan,nan,nan,nan
isnad_154,jb_139,qaraʾtu al-qurʾān kulla-h,qaraʾtu,qaraʾtu,qaraʾtu,qaraʾtu,qaraʾa,qaraʾa,nan,nan,nan,nan
isnad_155,jb_140,qāla lī,qaraʾtu,qaraʾnā,qaraʾa,ʿan,ʿan,ʿan,nan,nan,nan,nan
isnad_156,jb_141,qāla lī,qaraʾtu,qaraʾnā,qaraʾa,ʿan,ʿan,ʿan,nan,nan,nan,nan
isnad_157,jb_142,qaraʾtu al-qurʾān kulla-h,qaraʾtu,qaraʾnā,qaraʾa,ʿan,ʿan,ʿan,nan,nan,nan,nan
isnad_158,jb_143,qaraʾtu al-qurʾān kulla-h,qaraʾtu,qaraʾnā,qaraʾa,ʿan,ʿan,ʿan,nan,nan,nan,nan
isnad_159,jb_144,qāla lī,qāla lī,qaraʾtu,qaraʾū,ʿan,ʿan,ʿan,nan,nan,nan,nan
isnad_160,jb_145,qāla lī,qāla lī,qaraʾtu,qaraʾū,ʿan,ʿan,ʿan,nan,nan,nan,nan
isnad_161,jb_146,qāla lī,qāla lī,qaraʾtu,qaraʾū,ʿan,ʿan,ʿan,nan,nan,nan,nan
isnad_162,jb_147,nan,qāla lī,qaraʾtu,qaraʾa,qaraʾa,qaraʾa,nan,nan,nan,nan,nan
isnad_163,jb_148,qāla,qaraʾtu,qaraʾtu,qaraʾtu,qaraʾtu,qaraʾtu,qaraʾtu,nan,nan,nan,nan
isnad_164,jb_149,ḥaddaṯa-nā,ḥaddaṯa-nā,ḥaddaṯa-nā,ḥaddaṯa-nā,ḥaddaṯa-nā,ʿan bi-l-qirāʾah,nan,nan,nan,nan,nan
isnad_165,jb_150,ḥaddaṯa-nā,ḥaddaṯa-nā,ḥaddaṯa-nā,ḥaddaṯa-nā,ḥaddaṯa-nā,ʿan bi-l-qirāʾah,nan,nan,nan,nan,nan
isnad_166,jb_151,ḥaddaṯa-nā,ḥaddaṯa-nā,ḥaddaṯa-nā,ḥaddaṯa-nā,ḥaddaṯa-nā,ʿan bi-l-qirāʾah,nan,nan,nan,nan,nan
isnad_167,jb_152,qaraʾtu al-qurʾān kulla-h,qaraʾtu,qaraʾtu,qaraʾū,qaraʾa,nan,nan,nan,nan,nan,nan
isnad_168,jb_153,qaraʾtu al-qurʾān kulla-h,qaraʾtu,qaraʾtu,qaraʾū,qaraʾa,nan,nan,nan,nan,nan,nan
isnad_169,jb_154,qaraʾtu al-qurʾān kulla-h,qaraʾtu,qaraʾtu,qaraʾū,qaraʾa,nan,nan,nan,nan,nan,nan
isnad_170,jb_155,qāla lī,qaraʾtu al-qurʾān kulla-h,qaraʾtu,qaraʾtu,qaraʾtu,qaraʾtu,qaraʾtu,nan,nan,nan,nan
isnad_171,jb_156,qāla lī,qāla lī,qaraʾtu,ʾaḫbara-nī qaraʾa,qaraʾa,qaraʾa,ʿan,nan,nan,nan,nan
isnad_172,jb_157,qāla lī,qāla lī,qaraʾtu al-qurʾān kulla-h,ʾaḫbara-nī qaraʾa,ʾaḫbara-nī qaraʾa al-qurʾān kulla-h,ʾaḫbara-nī qaraʾa al-qurʾān kulla-h,qaraʾa,nan,nan,nan,nan
isnad_173,jb_158,qaraʾtu al-qurʾān kulla-h,qaraʾtu ka-ḏālika,qaraʾtu,qaraʾnā,qaraʾtu,qaraʾtu,ʿalā,nan,nan,nan,nan
isnad_174,jb_159,qaraʾtu al-qurʾān kulla-h,qaraʾtu ka-ḏālika,qaraʾtu,qaraʾnā,qaraʾtu,qaraʾtu,ʿalā,nan,nan,nan,nan
isnad_175,jb_160,ḥaddaṯa-nā,ḥaddaṯa-nā,ḥaddaṯa-nā,ḥaddaṯa-nā,ḥaddaṯa-nā,ḥaddaṯa-nā,ʿan bi-l-qirāʾah,nan,nan,nan,nan
isnad_176,jb_161,qaraʾtu al-qurʾān kulla-h,qaraʾtu,qaraʾtu,qaraʾtu,qaraʾtu,qaraʾtu,qaraʾa,nan,nan,nan,nan
isnad_177,jb_162,qāla lī,qāla lī,qaraʾtu,qaraʾtu,qaraʾtu,qaraʾtu,qaraʾū,qaraʾa,ʿalā,nan,nan
isnad_178,jb_163,qāla lī,qāla lī,qaraʾtu,qaraʾtu,qaraʾtu,qaraʾtu,qaraʾū,qaraʾa,ʿalā,nan,nan
isnad_179,jb_164,qāla lī,qāla lī,qaraʾtu,qaraʾtu,qaraʾtu,qaraʾtu,qaraʾū,qaraʾa,ʿalā,nan,nan
isnad_180,jb_165,qāla lī,qāla lī,qaraʾtu,qaraʾtu,qaraʾtu,qaraʾtu,qaraʾū,qaraʾa,ʿalā,nan,nan
isnad_181,jb_166,ḥaddaṯa-nā,ḥaddaṯa-nā,qaraʾtu,qaraʾa,qaraʾa,qaraʾa,nan,nan,nan,nan,nan
isnad_182,jb_167,qaraʾtu al-qurʾān kulla-h,qaraʾtu,qaraʾtu,qaraʾtu taʿallamtu ʿāmmat al-qurʾān,qaraʾa,qaraʾa,ʿan,nan,nan,nan,nan
isnad_183,jb_168,qaraʾtu al-qurʾān kulla-h,qaraʾtu,qaraʾtu,qaraʾtu,qaraʾnā,qaraʾtu,qaraʾtu,ʿan,nan,nan,nan
isnad_184,jb_169,qaraʾtu al-qurʾān kulla-h,qaraʾtu,qaraʾtu,qaraʾtu,qaraʾnā,qaraʾtu,qaraʾtu,ʿan,nan,nan,nan
isnad_185,jb_170,ḥaddaṯa-nā,ḥaddaṯa-nā,ḥaddaṯa-nī,ʿan,ḥaddaṯa-nā,ʿan,ʿan,nan,nan,nan,nan
isnad_186,jb_171,ḥaddaṯa-nā,ḥaddaṯa-nā,ḥaddaṯa-nī,ḥaddaṯa-nā,ḥaddaṯa-nā,ʿan,ʿan bi-l-qirāʾah,nan,nan,nan,nan
isnad_187,jb_172,ḥaddaṯa-nā,ḥaddaṯa-nā,ḥaddaṯa-nī,ḥaddaṯa-nā,ḥaddaṯa-nā,ʿan,ʿan,nan,nan,nan,nan
isnad_188,jb_173,ḥaddaṯa-nā,ḥaddaṯa-nā,ḥaddaṯa-nā,ʿan,ʿan,ʿan bi-l-qirāʾah,nan,nan,nan,nan,nan
isnad_189,jb_174,ḥaddaṯa-nā,ḥaddaṯa-nā,ḥaddaṯa-nā,ʿan,ʿan,ʿan bi-l-qirāʾah,nan,nan,nan,nan,nan
isnad_190,jb_175,ḥaddaṯa-nā,ḥaddaṯa-nā,ḥaddaṯa-nā,ḥaddaṯa-nā,ḥaddaṯa-nī,ḥaddaṯa-nā,ʿan,nan,nan,nan,nan
isnad_191,jb_176,ḥaddaṯa-nā,ḥaddaṯa-nā,ḥaddaṯa-nā,ḥaddaṯa-nā,ḥaddaṯa-nī,ḥaddaṯa-nā,ʿan,nan,nan,nan,nan
isnad_192,jb_177,ḥaddaṯa-nā,ḥaddaṯa-nā,ḥaddaṯa-nā,ḥaddaṯa-nā,ḥaddaṯa-nā,ʿan,ʿan,ʿan,nan,nan,nan
isnad_193,jb_178,ḥaddaṯa-nā,ḥaddaṯa-nā,ḥaddaṯa-nā,ḥaddaṯa-nā,ḥaddaṯa-nā,ḥaddaṯa-nā,ʿan bi-l-qirāʾah,nan,nan,nan,nan
isnad_194,jb_179,ḥaddaṯa-nā,ḥaddaṯa-nā,ḥaddaṯa-nā,ḥaddaṯa-nā,ʿan bi-l-qirāʾah,nan,nan,nan,nan,nan,nan
isnad_195,jb_180,ḥaddaṯa-nā,ḥaddaṯa-nā,ḥaddaṯa-nā,ḥaddaṯa-nā,ʿan,ʿan,nan,nan,nan,nan,nan
isnad_196,jb_181,ḥaddaṯa-nā,ḥaddaṯa-nā,ʾaḫbara-nī fī kitābi-h,ḥaddaṯa-nā,ḥaddaṯa-nā,ʿan,ʿan bi-l-qirāʾah,nan,nan,nan,nan
isnad_197,jb_182,ḥaddaṯa-nā,ḥaddaṯa-nā,ḥaddaṯa-nā,ḥaddaṯa-nā,ḥaddaṯa-nā,qaraʾtu,qaraʾtu,nan,nan,nan,nan
isnad_198,jb_183,ḥaddaṯa-nā,ḥaddaṯa-nā,ḥaddaṯa-nā,ḥaddaṯa-nā,ḥaddaṯa-nā,ʿan,nan,nan,nan,nan,nan
isnad_199,jb_184,ḥaddaṯa-nā,ḥaddaṯa-nā,ḥaddaṯa-nā,ḥaddaṯa-nā,ḥaddaṯa-nā,qaraʾtu,nan,nan,nan,nan,nan
isnad_200,jb_185,qaraʾtu al-qurʾān kulla-h,qaraʾtu ka-ḏālika,qaraʾtu,qaraʾtu,qaraʾū,qaraʾa,qaraʾa,nan,nan,nan,nan
isnad_201,jb_186,qāla lī,qāla lī,qaraʾtu,ʾaḫbara-nī qaraʾū,qaraʾū,qaraʾa,qaraʾa,nan,nan,nan,nan
isnad_202,jb_187,qāla lī,qāla lī,qaraʾtu,ʾaḫbara-nī qaraʾū,qaraʾū,qaraʾa,qaraʾa,nan,nan,nan,nan
isnad_203,jb_188,qāla lī,qāla lī,qaraʾtu,ʾaḫbara-nī qaraʾū,qaraʾū,qaraʾa,qaraʾa,nan,nan,nan,nan
isnad_204,jb_189,qāla lī,qāla lī,qaraʾtu,qaraʾtu,qaraʾā hāʾulāʾ,qaraʾa,qaraʾa,nan,nan,nan,nan
isnad_205,jb_190,qāla lī,qāla lī,qaraʾtu,qaraʾtu,qaraʾā hāʾulāʾ,qaraʾa,qaraʾa,nan,nan,nan,nan
isnad_206,jb_191,qaraʾtu al-qurʾān kulla-h,qaraʾtu ka-ḏālika,qaraʾtu,qaraʾa,qaraʾa,qaraʾa,nan,nan,nan,nan,nan
isnad_207,jb_192,ḥaddaṯa-nā mašrūḥatan,ḥaddaṯa-nā,ʿan,ʿan,ʿan,nan,nan,nan,nan,nan,nan
isnad_208,jb_193,ḥaddaṯa-nā,ḥaddaṯa-nā,ḥaddaṯa-nā,ḥaddaṯa-nā,ḥaddaṯa-nā,ʿan,ʿan,nan,nan,nan,nan
isnad_209,jb_194,ḥaddaṯa-nā,ḥaddaṯa-nā,ḥaddaṯa-nā,ḥaddaṯa-nā,ʿan,ʿan,nan,nan,nan,nan,nan
isnad_210,jb_195,ḥaddaṯa-nī qirāʾatan min-nī ʿalay-h min ʾaṣli kitābi-h,ḥaddaṯa-nā,ḥaddaṯa-nā,ḥaddaṯa-nā,ḥaddaṯa-nā,qaraʾtu,qaraʾtu,qaraʾtu,nan,nan,nan
isnad_211,jb_196,qaraʾtu al-qurʾān kulla-h,qaraʾtu al-qurʾān kulla-h,qaraʾtu,ḥaddaṯa-nā,qaraʾtu,qaraʾa,qaraʾa,nan,nan,nan,nan
isnad_212,jb_197,qaraʾtu al-qurʾān kulla-h,qaraʾtu,qaraʾtu,qaraʾa hāʾulāʾ,qaraʾa,nan,nan,nan,nan,nan,nan
isnad_213,jb_198,qaraʾtu,qaraʾtu,qaraʾtu,qaraʾa,qaraʾa hāʾulāʾ,nan,nan,nan,nan,nan,nan
isnad_214,jb_199,qaraʾtu,qaraʾtu,qaraʾtu,qaraʾa,qaraʾa hāʾulāʾ,nan,nan,nan,nan,nan,nan
isnad_215,jb_200,qāla lī,qāla lī,qaraʾtu,qaraʾtu,qaraʾnā,ḥaddaṯa-nā,nan,nan,nan,nan,nan
isnad_216,jb_201,qāla lī,qāla lī,qaraʾtu,qaraʾtu,qaraʾnā,ḥaddaṯa-nā,nan,nan,nan,nan,nan
isnad_217,jb_202,qāla lī,qaraʾtu al-qurʾān kulla-h,qaraʾtu,qaraʾtu,ḥaddaṯa-nā qaraʾtu bi-hā ʿalay-h,nan,nan,nan,nan,nan,nan
isnad_218,jb_203,qāla lī,qaraʾtu,qaraʾtu,qaraʾnā,ḥaddaṯa-nā,nan,nan,nan,nan,nan,nan
isnad_219,jb_204,qāla lī,qaraʾtu,qaraʾtu,qaraʾnā,ḥaddaṯa-nā,nan,nan,nan,nan,nan,nan
isnad_220,jb_205,ḥaddaṯa-nā,ḥaddaṯa-nā,ḥaddaṯa-nā,ḥaddaṯa-nā,qaraʾtu,ʾaḫbara-nī qaraʾa,qaraʾa,nan,nan,nan,nan
isnad_221,jb_206,ʾaḫbara-nī,ʾaḫbara-hm qaraʾtu,qaraʾtu,qaraʾtu,qaraʾtu,nan,nan,nan,nan,nan,nan
isnad_222,jb_207,ʾuḫbirtu ʿan,qaraʾtu,ḥaddaṯa-hm qaraʾtu,qaraʾtu,qaraʾa,qaraʾa,nan,nan,nan,nan,nan
isnad_223,jb_208,ʾaḫaḏtu min kitāb,ḥaddaṯa-nā,ḥaddaṯa-nā,ḥaddaṯa-nā,nan,nan,nan,nan,nan,nan,nan
isnad_224,jb_209,ḥaddaṯa-nā,ḥaddaṯa-nā,ḥaddaṯa-nā,ḥaddaṯa-nā,ʿan,nan,nan,nan,nan,nan,nan
isnad_225,jb_210,ḥaddaṯa-nā,ḥaddaṯa-nā,ḥaddaṯa-nī,ḥaddaṯa-nā,qaraʾtu bi-hāḏihī al-qirāʾah,ʿan,ʿan,ʿan,nan,nan,nan
isnad_226,jb_211,qaraʾtu al-qurʾān kulla-h,qaraʾtu,ʾaḫbara-nī qaraʾ,qaraʾnā,qaraʾtu,ʿan,ʿan,ʿan,nan,nan,nan
isnad_227,jb_212,qaraʾtu al-qurʾān kulla-h,qaraʾtu,ʾaḫbara-nī qaraʾ,qaraʾnā,qaraʾtu,ʿan,ʿan,ʿan,nan,nan,nan
isnad_228,jb_213,qāla lī,qaraʾtu,qaraʾtu,qaraʾtu,qaraʾtu,qaraʾtu,qaraʾtu,nan,nan,nan,nan
isnad_229,jb_214,ḥaddaṯa-nā,ḥaddaṯa-nā,ḥaddaṯa-nā,ḥaddaṯa-nā,ʿan,ʿan,ʿan,nan,nan,nan,nan
isnad_230,jb_215,qaraʾtu al-qurʾān kulla-h,qaraʾtu,qaraʾtu,qaraʾtu,qaraʾtu,nan,nan,nan,nan,nan,nan
isnad_231,jb_216,ḥaddaṯa-nā,ḥaddaṯa-nā,ḥaddaṯa-nā,ḥaddaṯa-nā,ḥaddaṯa-nā wa-ḏakira al-ḥurūf ġayr mustawʿibat al-qirāʾah,nan,nan,nan,nan,nan,nan
isnad_232,jb_217,ḥaddaṯa-nā,ḥaddaṯa-nā,ḥaddaṯa-nā,ḥaddaṯa-nā,nan,nan,nan,nan,nan,nan,nan
isnad_233,jb_218,ḥaddaṯa-nā,ḥaddaṯa-nā,ḥaddaṯa-nā,ḥaddaṯa-nā,nan,nan,nan,nan,nan,nan,nan
isnad_234,jb_219,ʾaḫbara-nī fī al-ʾiǧāzah,ḥaddaṯa-nā,ḥaddaṯa-nā,ḥaddaṯa-nā,nan,nan,nan,nan,nan,nan,nan
isnad_235,jb_220,ʾuḫbirtu ʿan,ḥaddaṯa-nā,ḥaddaṯa-nā,nan,nan,nan,nan,nan,nan,nan,nan
isnad_236,jb_221,ʾuḫbirtu ʿan,ḥaddaṯa-nā,ḥaddaṯa-nā,nan,nan,nan,nan,nan,nan,nan,nan
isnad_237,jb_222,ʾuḫbirtu ʿan,ḥaddaṯa-nā,ḥaddaṯa-nā,nan,nan,nan,nan,nan,nan,nan,nan
isnad_238,jb_223,ḥaddaṯa-nī,ḥaddaṯa-hm,qaraʾtu,qaraʾtu,qaraʾtu,qaraʾtu,qaraʾa,qaraʾa,nan,nan,nan
isnad_239,jb_224,ḥaddaṯa-nā,ḥaddaṯa-hm,ḥaddaṯa-nā,ḥaddaṯa-nā,ḥaddaṯa-nā,ḥaddaṯa-nā,ʿan bi-qirāʾati-h,ʿan bi-l-qirāʾah,nan,nan,nan
isnad_240,jb_225,ḥaddaṯa-nā,ḥaddaṯa-nā,ḥaddaṯa-nā,ḥaddaṯa-nā,ḥaddaṯa-nī,ḥaddaṯa-nā,ʿan,ʿan bi-l-qirāʾah,nan,nan,nan
isnad_241,jb_226,ḥaddaṯa-nā,ḥaddaṯa-nā,ḥaddaṯa-nā,ḥaddaṯa-nā,ʿan,ʿan,ʿan bi-l-ḥurūf,nan,nan,nan,nan
isnad_242,jb_227,ḥaddaṯa-nā,ḥaddaṯa-nā,ḥaddaṯa-nā,ḥaddaṯa-nā,ḥaddaṯa-nā,ʿan,ʿan bi-l-qirāʾah,nan,nan,nan,nan
isnad_243,jb_228,ḥaddaṯa-nā,ḥaddaṯa-nā,ḥaddaṯa-nā,ḥaddaṯa-nā,ḥaddaṯa-nā,ḥaddaṯa-nā,ʿan,nan,nan,nan,nan
isnad_244,jb_229,ḥaddaṯa-nā,ḥaddaṯa-nā,ḥaddaṯa-nā,ḥaddaṯa-nā,ḥaddaṯa-nā,ḥaddaṯa-nā,ʿan,ʿan bi-l-qirāʾah,nan,nan,nan
isnad_245,jb_230,qaraʾtu al-qurʾān kulla-h,qaraʾtu,qaraʾtu,qaraʾtu,qaraʾtu,qaraʾtu ʾaḫbara-nī ǧamaʿa hāḏihī al-ḥurūf allatī ǧamaʿa-hā yaḥyā b. ʾādam,qaraʾa,qaraʾa,nan,nan,nan
isnad_246,jb_231,qāla lī,qāla lī,qaraʾtu ʾaḫbara-nī,qaraʾa,qaraʾtu,qaraʾtu bi-l-ḥurūf,ʿariḍa,nan,nan,nan,nan
isnad_247,jb_232,ḥaddaṯa-nā,ḥaddaṯa-nā,ḥaddaṯa-nā,ḥaddaṯa-nī,ʿan,ʿan,ʿan bi-miʾah wa-ṯamānīn ḥarfan,nan,nan,nan,nan
isnad_248,jb_233,ḥaddaṯa-nā,ḥaddaṯa-nā,ʾaḫbara-nī,ḥaddaṯa-nā,ʿan,ʿan min ʾawwal al-qurʾān ʾilā ʾāḫir surah al-kahf,nan,nan,nan,nan,nan
isnad_249,jb_234,ḥaddaṯa-nā,ḥaddaṯa-nā,ʾaḫbara-nī,ʿan,ʿan,ʿan,ʿan min ʾawwal al-qurʾān ʾilā ʾāḫiri-h,nan,nan,nan,nan
isnad_250,jb_235,ḥaddaṯa-nā,ḥaddaṯa-nā,ḥaddaṯa-nī,ḥaddaṯa-nā,ḥaddaṯa-nā,saʾaltu ʿan ḥurūf ʿāṣim ḥaddaṯa-nī bi-hā ḥaddaṯa-nī,ʾaqraʾa-nī hādhihī al-ḥurūf kulla-hā,nan,nan,nan,nan
isnad_251,jb_236,ḥaddaṯa-nā,ḥaddaṯa-nā,ḥaddaṯa-nī,ʿan,ʿan,ʿan,ʿan,nan,nan,nan,nan
isnad_252,jb_237,ḥaddaṯa-nā,ḥaddaṯa-nā,ḥaddaṯa-nī,ʿan,ʿan,ʿan,ʿan,nan,nan,nan,nan
isnad_253,jb_238,ḥaddaṯa-nā,ḥaddaṯa-nā,ḥaddaṯa-nā,ḥaddaṯa-nā,ḥaddaṯa-nā,saʾaltu ʿan hāḏihī al-ḥurūf ḥaddaṯa-nā,ʾaqraʾa-h kulla-hā,nan,nan,nan,nan
isnad_254,jb_239,ḥaddaṯa-nā,ḥaddaṯa-nā,ḥaddaṯa-nā,ḥaddaṯa-nā,ḥaddaṯa-nā bi-l-qirāʾah,ʿan,ʿan,nan,nan,nan,nan
isnad_255,jb_240,ḥaddaṯa-nā,ḥaddaṯa-nā,ḥaddaṯa-nā,ḥaddaṯa-nā,ḥaddaṯa-nā bi-l-qirāʾah,samiʿtu fī al-ḥurūf,saʾaltu,nan,nan,nan,nan
isnad_256,jb_241,ḥaddaṯa-nā,ḥaddaṯa-nā,ḥaddaṯa-nā,ḥaddaṯa-nā,ḥaddaṯa-nā,saʾaltu ḥaddaṯa-nī bi-hāḏihī al-ḥurūf ḏakira al-qirāʾah,ʾaqraʾa kulla-hā,nan,nan,nan,nan
isnad_257,jb_242,ḥaddaṯa-nā,ḥaddaṯa-nā,ʾaḫbara-nī qaraʾa,ḥaddaṯa-nā,ḥaddaṯa-nī,ḥaddaṯa-nā ʾaḫaḏa ḥurūf ʿāṣim,ʾaḫaḏa ḥurūf ʿāṣim,ʾakhaḏa al-qirāʾah,nan,nan,nan
isnad_258,jb_243,ḥaddaṯa-nā,ḥaddaṯa-nā,ḥaddaṯa-nā,ḥaddaṯa-nā,ḥaddaṯa-nā,ʿan,ʿan,ʿan,nan,nan,nan
isnad_259,jb_244,ḥaddaṯa-nā,ḥaddaṯa-nā,ḥaddaṯa-nī,ḥaddaṯa-nā,ḥaddaṯa-nā,ʿan,ʿan,ʿan,nan,nan,nan
isnad_260,jb_245,qaraʾtu al-qurʾān kulla-h,qaraʾtu,ʿalā,qaraʾtu,qaraʾtu,ʿan,ʿan,nan,nan,nan,nan
isnad_261,jb_246,qaraʾtu al-qurʾān kulla-h,qaraʾtu,qaraʾtu,qaraʾtu,qaraʾa,ʿan,ʿan,ʿan,nan,nan,nan
isnad_262,jb_247,qaraʾtu al-qurʾān kulla-h,qaraʾtu,qaraʾtu,qaraʾtu,qaraʾa,ʿan,ʿan,ʿan,nan,nan,nan
isnad_263,jb_248,qāla lī,qaraʾtu,qaraʾtu,qaraʾtu,qaraʾtu,qaraʾa,saʾaltu ʿan hāḏihī al-ḥurūf,qaraʾa,nan,nan,nan
isnad_264,jb_249,ḥaddaṯa-nā,ḥaddaṯa-nā,ḥaddaṯa-nā,ḥaddaṯa-nā,ʿan,ʿan,ʿan,ʿan bi-l-qirāʾah,nan,nan,nan
isnad_265,jb_250,ḥaddaṯa-nā,ḥaddaṯa-nā,ḥaddaṯa-nā,ḥaddaṯa-nā,qaraʾtu,qaraʾtu,qaraʾtu,qaraʾtu,nan,nan,nan
isnad_266,jb_251,ḥaddaṯa-nā,ḥaddaṯa-nā,ḥaddaṯa-nā,ḥaddaṯa-nā,qaraʾtu,qaraʾtu,qaraʾtu,qaraʾtu,nan,nan,nan
isnad_267,jb_252,ḥaddaṯa-nā,ḥaddaṯa-nā,ḥaddaṯa-nā,ḥaddaṯa-nā,samiʿtu,qaraʾtu,qaraʾa,nan,nan,nan,nan
isnad_268,jb_253,ḥaddaṯa-nā,ḥaddaṯa-nā,ḥaddaṯa-nā,ḥaddaṯa-nā,samiʿtu,yaqraʾ ḏakira ḥurūfan kaṯīratan ġayr mustawʿibah li-l-qirāʾah,nan,nan,nan,nan,nan
isnad_269,jb_254,ḥaddaṯa-nā,ḥaddaṯa-nā,ḥaddaṯa-nā,ḥaddaṯa-nā,ḥaddaṯa-nī,ḥaddaṯa-nā,qaraʾtu,ʿan,ʿan,nan,nan
isnad_270,jb_255,ḥaddaṯa-nā,ḥaddaṯa-nā,ḥaddaṯa-na,ḥaddaṯa-nā,ḥaddaṯa-nā,ḥaddaṯa-nā qaraʾa,qaraʾa,qaraʾtu,nan,nan,nan
isnad_271,jb_256,ḥaddaṯa-nā,ḥaddaṯa-nā,ʾaḫbara-nā,qaraʾtu fī kitāb,qaraʾtu ḏakira,qaraʾa,qaraʾa,qaraʾa,nan,nan,nan
isnad_272,jb_257,ʾuḫbirtu ʿan,ḥaddaṯa-nī,ḥaddaṯa-nā,qaraʾtu,qaraʾa,nan,nan,nan,nan,nan,nan
isnad_273,jb_258,ʾuḫbirtu ʿan,samiʿtu,qaraʾtu,kāna qad qaraʾa,qaraʾa,qaraʾa,nan,nan,nan,nan,nan
isnad_274,jb_259,ʾuḫbirtu ʿan,ḥaddaṯa-nī,ḥaddaṯa-nā,ḥaddaṯa-nā,qaraʾtu,ʿan,nan,nan,nan,nan,nan
isnad_275,jb_260,qaraʾtu al-qurʾān kulla-h,qaraʾtu,qaraʾtu,qaraʾtu,ʾaḫbara-nī qaraʾa talaqqana,ʾaḫbara-nī qaraʾa talaqqana,ʾaḫbara-nī qaraʾa talaqqana,qaraʾa,nan,nan,nan
isnad_276,jb_261,qāla lī,qaraʾtu,qaraʾtu,qaraʾtu,qaraʾtu ʾaḫbara-nī,qaraʾa talaqqana ʾaḫbara-nī,qaraʾa talaqqana ʾaḫbara-nī,qaraʾa talaqqana,qaraʾa,nan,nan
isnad_277,jb_262,qāla lī,qāla lī,qaraʾtu,qaraʾtu,qaraʾtu,qaraʾtu,qaraʾtu,qaraʾtu,qaraʾtu,nan,nan
isnad_278,jb_263,qāla lī,qaraʾtu al-qurʾān,qaraʾtu,qaraʾtu,qaraʾa,qaraʾā,qaraʾa,qaraʾa,nan,nan,nan
isnad_279,jb_264,qāla lī,qaraʾtu al-qurʾān,qaraʾtu,qaraʾtu,qaraʾa,qaraʾā,qaraʾa,qaraʾa,nan,nan,nan
isnad_280,jb_265,qaraʾtu al-qurʾān kulla-h,qaraʾtu,qaraʾtu,qaraʾtu,qaraʾtu,qaraʾtu al-qurʾān kulla-h,qaraʾtu,nan,nan,nan,nan
isnad_281,jb_266,qaraʾtu al-qurʾān kulla-h,qaraʾtu,qaraʾtu,qaraʾtu,qaraʾtu,qaraʾtu al-qurʾān kulla-h,qaraʾa,nan,nan,nan,nan
isnad_282,jb_267,qaraʾtu al-qurʾān kulla-h,qaraʾtu,qaraʾtu,qaraʾtu,qaraʾtu,qaraʾtu,qaraʾtu,qaraʾtu,nan,nan,nan
isnad_283,jb_268,ḥaddaṯa-nā,ḥaddaṯa-hm,ḥaddaṯa-nā,ḥaddaṯa-nī,ḥaddaṯa-nā,ḥaddaṯa-nā qaraʾa,qaraʾa,qaraʾtu,nan,nan,nan
isnad_284,jb_269,ḥaddaṯa-nā,ḥaddaṯa-hm,ḥaddaṯa-nā,ḥaddaṯa-nī,ḥaddaṯa-nā,ḥaddaṯa-nā,qaraʾa,qaraʾtu,nan,nan,nan
isnad_285,jb_270,ḥaddaṯa-nā,ḥaddaṯa-nī bi-baʿḍ al-ḥurūf,ʿan,ʿan,ʿan,ʿan,ʿan,nan,nan,nan,nan
isnad_286,jb_271,ḥaddaṯa-nā,ʾaḫbara-nī fī al-ʾiǧāzah bi-l-qirāʾah mustawʿibah,ʿan,ʿan,ʿan,ʿan,ʿan,nan,nan,nan,nan
isnad_287,jb_272,nan,nan,nan,nan,nan,nan,nan,nan,nan,nan,nan
isnad_288,jb_273,ḥaddaṯa-nā,ḥaddaṯa-nā,ḥaddaṯa-nā,ḥaddaṯa-nā,ʿan,ʿan bi-l-qirāʾah min ʾawwal al-qurʾān ʾilā ʾāḫiri-h,nan,nan,nan,nan,nan
isnad_289,jb_274,ḥaddaṯa-nā,ḥaddaṯa-nā,ḥaddaṯa-nī,ʿan,ʿan,ʿan,ʿan bi-l-qirāʾah,nan,nan,nan,nan
isnad_290,jb_275,ḥaddaṯa-nā,ḥaddaṯa-nā,ḥaddaṯa-nā,ḥaddaṯa-nā,ʿan,ʿan,ʿan,nan,nan,nan,nan
isnad_291,jb_276,ʾaḫbara-nā,ḥaddaṯa-nā,ḥaddaṯa-nī,ḥaddaṯa-nā,ḥaddaṯa-nā,ʿan,ʿan,nan,nan,nan,nan
isnad_292,jb_277,ʾaḫbara-nī,ḥaddaṯa-nā,ḥaddaṯa-nā,ḥaddaṯa-nā,ḥaddaṯa-nā,qaraʾtu,nan,nan,nan,nan,nan
isnad_293,jb_278,ḥaddaṯa-nā,ḥaddaṯa-hm,ḥaddaṯa-nā,ḥaddaṯa-nā,ḥaddaṯa-nā,ḥaddaṯa-nā,qaraʾtu,nan,nan,nan,nan
isnad_294,jb_279,ḥaddaṯa-nā,ḥaddaṯa-nā,ḥaddaṯa-nā,ḥaddaṯa-nā,ḥaddaṯa-nā,ḥaddaṯa-nā bi-hāḏihī al-ḥurūf ʿalā hāḏihī al-qirāʾah,ʾaqraʾa-nī-hā ḥarfan ḥarfan,nan,nan,nan,nan
isnad_295,jb_280,ḥaddaṯa-nā,ḥaddaṯa-nā,ḥaddaṯa-nā,ḥaddaṯa-nā,ḥaddaṯa-nā,ḥaddaṯa-nā bi-hāḏihī al-ḥurūf ʿalā hāḏihī al-qirāʾah,ʾaqraʾa-nī-hā ḥarfan ḥarfan,nan,nan,nan,nan
isnad_296,jb_281,ḥaddaṯa-nā,ḥaddaṯa-nā,ḥaddaṯa-nā,ʿan,ʿan min ʾawwal al-qurʾān ʾilā sūrah al-naḥal,nan,nan,nan,nan,nan,nan
isnad_297,jb_282,ḥaddaṯa-nā,ḥaddaṯa-nā,ḥaddaṯa-nā,ʿan,ʿan,ʿan bi-ʿāmmat al-ḥurūf samiʿnā min nafsi-h,nan,nan,nan,nan,nan
isnad_298,jb_283,ḥaddaṯa-nā,ḥaddaṯa-nā,ḥaddaṯa-nā,ḥaddaṯa-nā,ḥaddaṯa-nā,ʿan,ʿan bi-l-qirāʾah,nan,nan,nan,nan
isnad_299,jb_284,ḥaddaṯa-nā,ḥaddaṯa-nā,ḥaddaṯa-nā,ḥaddaṯa-nā,ḥaddaṯa-nā,ḥaddaṯa-nā,ḥaddaṯa-nī,qaraʾa,nan,nan,nan
isnad_300,jb_285,ḥaddaṯa-nā,ḥaddaṯa-nā,ḥaddaṯa-nā,ḥaddaṯa-nī,ḥaddaṯa-nā,ʿan,ʿan bi-l-ḥurūf min-hā miʾah wa-ṯamānūn ḥarfan,nan,nan,nan,nan
isnad_301,jb_286,ʾaḫbara-nā,ḥaddaṯa-nā,ḥaddaṯa-nā,ḥaddaṯa-nā,ḥaddaṯa-nā,samiʿtu ḏakira ʿan-h al-qirāʾah ġayr mustawʿibah,nan,nan,nan,nan,nan
isnad_302,jb_287,ʾaḫbara-nā,ḥaddaṯa-nā,ḥaddaṯa-nā,ḥaddaṯa-nī,ḥaddaṯa-nā,ḥaddaṯa-nā,ʿan,ʿan ʾilā sūrah muḥammad,nan,nan,nan
isnad_303,jb_288,ʾaḫbara-nā,ḥaddaṯa-nā,ḥaddaṯa-nā,ʿan,ʿan,ʿan min al-mufaṣṣal ʾilā ʾāḫir al-qurʾān,nan,nan,nan,nan,
isnad_304,jb_289,ḥaddaṯa-nā,ḥaddaṯa-nā,ḥaddaṯa-nī,ḥaddaṯa-nā,ḥaddaṯa-nā,rawaytu hāḏihī al-qirāʾah,qaraʾtu,nan,nan,nan,nan
isnad_305,jb_290,qaraʾtu al-qurʾān kulla-h,qaraʾtu,qaraʾtu,qaraʾtu,qaraʾtu,qaraʾa,qaraʾa,nan,nan,nan,nan
isnad_306,jb_291,qāla lī,qāla lī,qaraʾtu,qaraʾtu,qaraʾtu,qaraʾa,ʿalā,nan,nan,nan,nan
isnad_307,jb_292,ḥaddaṯa-nā,ḥaddaṯa-nā,ḥaddaṯa-nā,qaraʾtu,qaraʾtu,qaraʾtu,nan,nan,nan,nan,nan
isnad_308,jb_293,ḥaddaṯa-nā,ḥaddaṯa-nā,ḥaddaṯa-nā,qaraʾtu,qaraʾtu,qaraʾtu,nan,nan,nan,nan,nan
isnad_309,jb_294,qaraʾtu al-qurʾān kulla-h,qaraʾtu,qaraʾnā,qaraʾtu ḥafaẓtu taʿallamtu,qaraʾtu al-qurʾān min ʾawwali-hī ʾilā ʾāḫiri-h ʾatqantu,qaraʾa,nan,nan,nan,nan,nan
isnad_310,jb_295,qaraʾtu al-qurʾān kulla-h,qaraʾtu,qaraʾnā,qaraʾtu ḥafaẓtu taʿallamtu,qaraʾtu al-qurʾān min ʾawwali-hī ʾilā ʾāḫiri-h ʾatqantu,qaraʾa,nan,nan,nan,nan,nan
isnad_311,jb_296,qaraʾtu al-qurʾān kulla-h,qaraʾtu,qaraʾnā,qaraʾtu ḍabaṭtu,qaraʾū ḍabaṭa,qaraʾa,rawā hādhihī al-qirāʾah riwāyatan,nan,nan,nan,nan
isnad_312,jb_297,qaraʾtu al-qurʾān kulla-h,qaraʾtu,qaraʾnā,qaraʾtu ḍabaṭtu,qaraʾū ḍabaṭa,qaraʾa,rawā hādhihī al-qirāʾah riwāyatan,nan,nan,nan,nan
isnad_313,jb_298,qaraʾtu al-qurʾān kulla-h,qaraʾtu,qaraʾnā,qaraʾtu ḍabaṭtu,qaraʾū ḍabaṭa,qaraʾa,rawā hādhihī al-qirāʾah riwāyatan,nan,nan,nan,nan
isnad_314,jb_299,qaraʾtu al-qurʾān kulla-h,qaraʾtu,qaraʾnā,qaraʾtu ḍabaṭtu,qaraʾū ḍabaṭa,qaraʾa,rawā hādhihī al-qirāʾah riwāyatan,nan,nan,nan,nan
isnad_315,jb_300,qaraʾtu al-qurʾān kulla-h,qaraʾtu,qaraʾnā,qaraʾtu ḍabaṭtu,qaraʾū ḍabaṭa,qaraʾa,rawā hādhihī al-qirāʾah riwāyatan,nan,nan,nan,nan
isnad_316,jb_301,qaraʾtu al-qurʾān kulla-h,qaraʾtu,qaraʾnā,qaraʾtu ḍabaṭtu,qaraʾū ḍabaṭa,qaraʾa,rawā hādhihī al-qirāʾah riwāyatan,nan,nan,nan,nan
isnad_317,jb_302,qaraʾtu al-qurʾān kulla-h,qaraʾtu,qaraʾnā,qaraʾtu ḍabaṭtu,qaraʾū ḍabaṭa,qaraʾa,rawā hādhihī al-qirāʾah riwāyatan,nan,nan,nan,nan
isnad_318,jb_303,qaraʾtu al-qurʾān kulla-h,qaraʾtu,qaraʾnā,qaraʾtu ḍabaṭtu,qaraʾū ḍabaṭa,qaraʾa,rawā hādhihī al-qirāʾah riwāyatan,nan,nan,nan,nan
isnad_319,jb_304,qaraʾtu al-qurʾān kulla-h,qaraʾtu,qaraʾnā,ʾaḫaḏtu kitāb nasaḫtu-h wa-qaraʾtu-h ʿalay-h,ʿan,nan,nan,nan,nan,nan,nan
isnad_320,jb_305,qaraʾtu qālā,qaraʾtu qālā,qaraʾnā,ʾaḫaḏtu kitāb nasaḫtu-h wa-qaraʾtu-h ʿalay-h,ʿan,nan,nan,nan,nan,nan,nan
isnad_321,jb_306,qāla lī,qaraʾtu ʾaḫbara-nī,qaraʾa ka-ḏālika,qaraʾā,qaraʾa,qaraʾa,qaraʾa,nan,nan,nan,nan
isnad_322,jb_307,qāla lī,qaraʾtu ʾaḫbara-nī,qaraʾa ka-ḏālika,qaraʾā,qaraʾa,qaraʾa,qaraʾa,nan,nan,nan,nan
isnad_323,jb_308,ḥaddaṯa-nā,ḥaddaṯa-nā,ḥaddaṯa-nī,ḥaddaṯa-nā,ʿan,ʿan bi-l-qirāʾah,nan,nan,nan,nan,nan
isnad_324,jb_309,qaraʾtu al-qurʾān kulla-h,qaraʾtu,qaraʾtu,qaraʾtu,qaraʾtu,qaraʾtu,qaraʾa,nan,nan,nan,nan
isnad_325,jb_310,qāla,qaraʾtu al-qurʾān kulla-h,qaraʾtu,qaraʾtu,qaraʾtu,qaraʾtu,qaraʾtu,nan,nan,nan,nan
isnad_326,jb_311,ḥaddaṯa-nā,ḥaddaṯa-nā,ḥaddaṯa-nā,ḥaddaṯa-nā,ḥaddaṯa-nā,qaraʾtu,ʿan,ʿan min ʾawwal al-qurʾān ʾilā ʾāḫiri-h,nan,nan,nan
isnad_327,jb_312,qaraʾtu al-qurʾān kulla-h,qaraʾtu,qaraʾtu,qaraʾtu,qaraʾa,qaraʾa,nan,nan,nan,nan,nan
isnad_328,jb_313,ḥaddaṯa-nā,ḥaddaṯa-nā,ḥaddaṯa-nī,ʿan,ʿan,ʿan,ʿan bi-l-qirāʾah,nan,nan,nan,nan
isnad_329,jb_314,ḥaddaṯa-nā,ḥaddaṯa-nā,ḥaddaṯa-nī,ʿan,ʿan,ʿan,ʿan,nan,nan,nan,nan
isnad_330,jb_315,ḥaddaṯa-nā,ḥaddaṯa-nā,ḥaddaṯa-nī,ḥaddaṯa-nā,ʿan,ʿan bi-l-qirāʾah,nan,nan,nan,nan,nan
isnad_331,jb_316,ḥaddaṯa-nā,ḥaddaṯa-nā,ḥaddaṯa-nā,ḥaddaṯa-nī,ḥaddaṯa-nā,ḥaddaṯa-nā,qaraʾa,nan,nan,nan,nan
isnad_332,jb_317,ḥaddaṯa-nā,ḥaddaṯa-nā,ḥaddaṯa-nī,ʾaqraʾa-nī,ʿan,ʿan,ʿan,nan,nan,nan,nan
isnad_333,jb_318,ʾaḫaḏtu al-ḥurūf allatī ḫālafa fī-hā b. šāhī ʿumaran wa-ʿubaydan min riwāyah,ʿan,ʿan,ʿan,nan,nan,nan,nan,nan,nan,nan
isnad_334,jb_319,ḥaddaṯa-nā,ḥaddaṯa-nā,ḥaddaṯa-nī,ʿan,ʿan,ʿan,ʿan,nan,nan,nan,nan
isnad_335,jb_320,qaraʾtu al-qurʾān kulla-h,qaraʾtu,qaraʾtu,qaraʾnā,qaraʾa,qaraʾa,qaraʾa,qaraʾa,nan,nan,nan
isnad_336,jb_321,qaraʾtu al-qurʾān kulla-h,qaraʾtu,qaraʾtu,qaraʾnā,qaraʾa,qaraʾa,qaraʾa,qaraʾa,nan,nan,nan
isnad_337,jb_322,ḥaddaṯa-nā,ḥaddaṯa-nā,ḥaddaṯa-nī,ʿan,ʿan,ʿan,ʿan,nan,nan,nan,nan
isnad_338,jb_323,ḥaddaṯa-nā,ḥaddaṯa-nā,ḥaddaṯa-nī,ʿan,ʿan,ʿan,ʿan,nan,nan,nan,nan
isnad_339,jb_324,qaraʾtu al-qurʾān kulla-h,qaraʾtu,qaraʾtu,qaraʾa,qaraʾa ḏakira ṣādaqa-h,qaraʾa,nan,nan,nan,nan,nan
isnad_340,jb_325,qāla lī,qaraʾtu,qaraʾtu,qaraʾtu ʾaḫbara-nī,qaraʾa ʾaḫbara-nī,qaraʾa,qaraʾa,nan,nan,nan,nan
isnad_341,jb_326,qāla lī,qaraʾtu,qaraʾtu,qaraʾtu ʾaḫbara-nī,qaraʾa ʾaḫbara-nī,qaraʾa,nan,nan,nan,nan,nan
isnad_342,jb_327,qāla lī,qaraʾtu,qaraʾtu,qaraʾtu ʾaḫbara-nī,qaraʾa ʾaḫbara-nī,qaraʾa,qaraʾa,qaraʾa,nan,nan,nan
isnad_343,jb_328,qāla lī,qaraʾtu,qaraʾtu,qaraʾtu ʾaḫbara-nī,qaraʾa ʾaḫbara-nī,qaraʾa,nan,nan,nan,nan,nan
isnad_344,jb_329,qāla lī,qaraʾtu,qaraʾtu,qaraʾtu ʾaḫbara-nī,qaraʾa ʾaḫbara-nī,qaraʾa,nan,nan,nan,nan,nan
isnad_345,jb_330,nan,nan,nan,nan,nan,nan,nan,nan,nan,nan,nan
isnad_346,jb_331,nan,nan,nan,nan,nan,nan,nan,nan,nan,nan,nan
isnad_347,jb_332,ḥaddaṯa-nā,ḥaddaṯa-nā,ḥaddaṯa-nā,ḥaddaṯa-nā,ʿan,ʿan bi-l-qirāʾah,nan,nan,nan,nan,nan
isnad_348,jb_333,ḥaddaṯa-nā,ḥaddaṯa-nā,ḥaddaṯa-nā,ḥaddaṯa-nā,ʿan,ʿan bi-l-qirāʾah,nan,nan,nan,nan,nan
isnad_349,jb_334,qaraʾtu al-qurʾān kulla-h,qaraʾtu,qaraʾtu,qaraʾtu,ʿalā,qaraʾa,qaraʾa,nan,nan,nan,nan
isnad_350,jb_335,qaraʾtu al-qurʾān kulla-h,qaraʾtu,qaraʾa,qaraʾnā,qaraʾa,qaraʾa,qaraʾa,nan,nan,nan,nan
isnad_351,jb_336,qaraʾtu al-qurʾān kulla-h,qaraʾtu,qaraʾa,qaraʾnā,qaraʾa,qaraʾa,qaraʾa,nan,nan,nan,nan
isnad_352,jb_337,qāla lī,qaraʾtu,qaraʾtu ʾaḫbarā-nī,laqqana-h min ʾawwali-h ʾilā ʾāḫiri-h ʾaḫbara-nī,qaraʾa ʾaḫbara-h,qaraʾa,qaraʾa,nan,nan,nan,nan
isnad_353,jb_338,qāla lī,qāla lī,qaraʾtu,qaraʾtu,qaraʾtu,qaraʾa,ʿalā,nan,nan,nan,nan
isnad_354,jb_339,qāla lī,qāla lī,qaraʾtu,qaraʾtu,qaraʾtu,qaraʾa,qaraʾa,nan,nan,nan,nan
isnad_355,jb_340,ḥaddaṯa-nā,ḥaddaṯa-nā,ḥaddaṯa-nī,ʿan,ʿan,ʿan,ʿan bi-l-qirāʾah,nan,nan,nan,nan
isnad_356,jb_341,ḥaddaṯa-nā,ḥaddaṯa-hm,ḥaddaṯa-nā,ḥaddaṯa-nā,ḥaddaṯa-nā,qaraʾtu ʾaḫbara-nī,qaraʾa,ʿalā,nan,nan,nan
isnad_357,jb_342,ḥaddaṯa-nā,ḥaddaṯa-nā,ḥaddaṯa-nā,ḥaddaṯa-nā,ḥaddaṯa-nā,ḥaddaṯa-nā,ʿan,nan,nan,nan,nan
isnad_358,jb_343,ḥaddaṯa-nā,ḥaddaṯa-nā,qaraʾtu,ʾaḫaḏa ʿalayya hāḏihī al-ḥurūf min ḥurūf ḥamzah ḏakira,ʾaḫaḏa ʿalay-h,kāna qaraʾa,kāna qaraʾa,nan,nan,nan,nan
isnad_359,jb_344,qaraʾtu al-qurʾān kulla-h,qaraʾtu,qaraʾtu,qaraʾtu,qaraʾtu,qaraʾa,qaraʾa,nan,nan,nan,nan
isnad_360,jb_345,qāla lī,qāla lī,qaraʾtu,qaraʾtu,qaraʾtu bi-l-taḥqīq,qaraʾā,qaraʾa,nan,nan,nan,nan
isnad_361,jb_346,qāla lī,qāla lī,qaraʾtu,qaraʾtu,qaraʾtu bi-l-taḥqīq,qaraʾā,qaraʾa,nan,nan,nan,nan
isnad_362,jb_347,qāla lī,qaraʾtu,qaraʾtu ʾaḫbarā-nī,qaraʾā ʾaḫbara-nā,qaraʾa ʾaḫbara-nī,qaraʾa,qaraʾa,qaraʾa,nan,nan,nan
isnad_363,jb_348,qāla lī,qaraʾtu,qaraʾtu ʾaḫbarā-nī,qaraʾā ʾaḫbara-nā,qaraʾa ʾaḫbara-nī,qaraʾa,qaraʾa,qaraʾa,nan,nan,nan
isnad_364,jb_349,qāla lī,qāla lī,qaraʾtu ʿalay-hi talaqqītu ʾaḫbara-nī,qaraʾa ʾaḫbara-nī,qaraʾa,qaraʾa,qaraʾa,nan,nan,nan,nan
isnad_365,jb_350,qāla lī,qāla lī,qaraʾtu ʾaḫbara-nī,qaraʾa ʾaḫbara-nī,qaraʾa,qaraʾtu,qaraʾa ǧamīʿ hāʾulāʾi,nan,nan,nan,nan
isnad_366,jb_351,qāla lī,qāla lī,qaraʾtu ʾaḫbara-nī,qaraʾa ʾaḫbara-nī,qaraʾa,qaraʾtu,qaraʾa ǧamīʿ hāʾulāʾi,nan,nan,nan,nan
isnad_367,jb_352,qāla lī,qāla lī,qaraʾtu ʾaḫbara-nī,qaraʾa ʾaḫbara-nī,qaraʾa,qaraʾtu,qaraʾa ǧamīʿ hāʾulāʾi,nan,nan,nan,nan
isnad_368,jb_353,qāla lī,qāla lī,qaraʾtu ʾaḫbara-nī,qaraʾa ʾaḫbara-nī,qaraʾa,qaraʾtu,qaraʾa ǧamīʿ hāʾulāʾi,nan,nan,nan,nan
isnad_369,jb_354,qāla lī,qāla lī,qaraʾtu ʾaḫbara-nī,qaraʾa ʾaḫbara-nī,qaraʾa,qaraʾtu,qaraʾa ǧamīʿ hāʾulāʾi,nan,nan,nan,nan
isnad_370,jb_355,qāla lī,qāla lī,qaraʾtu ʾaḫbara-nī,qaraʾa ʾaḫbara-nī,qaraʾa,qaraʾtu,qaraʾa ǧamīʿ hāʾulāʾi,nan,nan,nan,nan
isnad_371,jb_356,qāla lī,qāla lī,qaraʾtu ʾaḫbara-nī,qaraʾa ʾaḫbara-nī,qaraʾa ʾaḫbara-nī,qaraʾa ʾaḫbarā-h,qaraʾā,qaraʾa qaraʾa,qaraʾa,nan,nan
isnad_372,jb_357,qāla lī,qāla lī,qaraʾtu ʾaḫbara-nī,qaraʾa ʾaḫbara-nī,qaraʾa ʾaḫbara-nī,qaraʾa ʾaḫbarā-h,qaraʾa,qaraʾa,qaraʾa,nan,nan
isnad_373,jb_358,ḥaddaṯa-nā,ḥaddaṯa-nā,qaraʾtu ʾaḫbara-nī,qaraʾa ʾaḫbara-nī,qaraʾa ʾaḫbara-nī,qaraʾa,nan,nan,nan,nan,nan
isnad_374,jb_359,ḥaddaṯa-nā,ḥaddaṯa-hm,ḥaddaṯa-nā,ḥaddaṯa-nā,ḥaddaṯa-nā,ʿan bi-l-qirāʾah,nan,nan,nan,nan,nan
isnad_375,jb_360,ḥaddaṯa-nā,ḥaddaṯa-hm,ḥaddaṯa-nā,ḥaddaṯa-nā,ḥaddaṯa-nā,ʿan,nan,nan,nan,nan,nan
isnad_376,jb_361,qaraʾtu al-qurʾān kulla-h,qaraʾtu,qaraʾtu,qaraʾtu,qaraʾtu,qaraʾtu,qaraʾtu,nan,nan,nan,nan
isnad_377,jb_362,qāla lī,qaraʾtu,qaraʾtu,qaraʾtu,qaraʾtu,qaraʾtu,qaraʾtu,nan,nan,nan,nan
isnad_378,jb_363,qāla lī,qāla lī,qaraʾtu,qaraʾtu,qaraʾtu,qaraʾtu,qaraʾtu,nan,nan,nan,nan
isnad_379,jb_364,qaraʾtu al-qurʾān kulla-h,qaraʾtu,qaraʾtu,qaraʾtu,qaraʾtu ʾasaʾl hāḏā al-taḥqīq ʿan man rawayta-h,qaraʾtu ʾaḫbara-nī,hā-kaḏā qaraʾ bi-hāḏā al-wazn,nan,nan,nan,nan
isnad_380,jb_365,qāla lī,qaraʾtu,qaraʾtu,qaraʾtu ʾaḫbara-nī,qaraʾa,qaraʾa ʾaḫbarā-h,qaraʾā,nan,nan,nan,nan
isnad_381,jb_366,qāla lī,qaraʾtu,qaraʾtu,qaraʾtu ʾaḫbara-nī,qaraʾa,qaraʾa ʾaḫbarā-h,qaraʾā,nan,nan,nan,nan
isnad_382,jb_367,qāla lī,qāla lī,qaraʾtu,ʾaḫbara-nī qaraʾa,ʾaḫbara-nī qaraʾa,qaraʾa,ʾaḫbara-nī qaraʾa,qaraʾa,qaraʾa,nan,nan
isnad_383,jb_368,qāla lī,qāla lī,qaraʾtu,ʾaḫbara-nī qaraʾa,qaraʾtu,qaraʾa,qaraʾa,qaraʾa,qaraʾa,nan,nan
isnad_384,jb_369,ḥaddaṯa-nā,ḥaddaṯa-nā,ḥaddaṯa-nā,ḥaddaṯa-nā,ḥaddaṯa-nā,qaraʾtu,ʾaḫbara-nī qaraʾa,qaraʾa,nan,nan,nan
isnad_385,jb_370,ḥaddaṯa-nā,ḥaddaṯa-nā,ḥaddaṯa-nā,ḥaddaṯa-nā,ʾaqraʾa-nī,ʾaqraʾa-nī,ʿan,nan,nan,nan,nan
isnad_386,jb_371,ḥaddaṯa-nā,ḥaddaṯa-nā,ḥaddaṯa-nā,ḥaddaṯa-nā,ʾaqraʾa-nī,ʿan,ʿan,nan,nan,nan,nan
isnad_387,jb_372,ḥaddaṯa-nā,ḥaddaṯa-nā,ḥaddaṯa-nā,qaraʾtu,ʾaqraʾa-nī,ʿan,ʿan hāḏihī al-qirāʾah,nan,nan,nan,nan
isnad_388,jb_373,ḥaddaṯa-nā,ḥaddaṯa-nā,ḥaddaṯa-nā,ḥaddaṯa-nā,ḥaddaṯa-nā,qāla lī,ʾaḫbara-nī bi-mā fī-h ʿan ḥamzah,ʿan,ʿan,nan,nan
isnad_389,jb_374,ḥaddaṯa-nā,ḥaddaṯa-nā,ḥaddaṯa-nā,ḥaddaṯa-nā,qaraʾtu narwī hāḏihī al-ḥurūf ʿan-k ʿan ḥamzah,nan,nan,nan,nan,nan,nan
isnad_390,jb_375,qaraʾtu al-qurʾān kulla-h,qaraʾtu ʾaḫbara-nī,qaraʾa,qaraʾa,qaraʾa,qaraʾa,qaraʾa,nan,nan,nan,nan
isnad_391,jb_376,ḥaddaṯa-nā,ḥaddaṯa-nā,ḥaddaṯa-nā,ḥaddaṯa-nā,ḥaddaṯa-nā,qaraʾtu qirāʾat ḥamzah,nan,nan,nan,nan,nan
isnad_392,jb_377,ḥaddaṯa-nā,ḥaddaṯa-nā,ḥaddaṯa-nī,ʿan,ʿan,ʿan,nan,nan,nan,nan,nan
isnad_393,jb_378,ḥaddaṯa-nā,ḥaddaṯa-nā,ḥaddaṯa-nā,ḥaddaṯa-nā,qaraʾtu bi-hāḏihī al-ḥurūf ʿalā sulaym kulla-hā,ʾaḫbara-nī qaraʾ,nan,nan,nan,nan,nan
isnad_394,jb_379,ḥaddaṯa-nā,ḥaddaṯa-nā,ḥaddaṯa-nā,ḥaddaṯa-nā,qaraʾtu ḥurūf qirāʾat ḥamzah kulla-hā,ʾaḫbara-nī qaraʾa,nan,nan,nan,nan,nan
isnad_395,jb_380,ḥaddaṯa-nā,ḥaddaṯa-nā,qaraʾtu,ʾaḫbara-nī qaraʾa,qaraʾa,nan,nan,nan,nan,nan,nan
isnad_396,jb_381,qaraʾtu al-qurʾān kulla-h,qaraʾtu,qaraʾtu,qaraʾtu,qaraʾtu,qaraʾtu,nan,nan,nan,nan,nan
isnad_397,jb_382,qaraʾtu al-qurʾān kulla-h,qaraʾtu,qaraʾtu,qaraʾtu,qaraʾtu,qaraʾtu,nan,nan,nan,nan,nan
isnad_398,jb_383,ḥaddaṯa-nā,ḥaddaṯa-nā,qaraʾtu balaġtu ʿalay-hi ʾilā ʾāḫiri sūrah al-taġābun,qaraʾtu,qaraʾtu,nan,nan,nan,nan,nan,nan
isnad_399,jb_384,ḥaddaṯa-nā,ḥaddaṯa-nā,ḥaddaṯa-nā,ḥaddaṯa-nā,ḥaddaṯa-nā,nan,nan,nan,nan,nan,nan
isnad_400,jb_385,qaraʾtu al-qurʾān kulla-h,qaraʾtu,qaraʾtu,qaraʾtu,qaraʾtu,qaraʾtu,nan,nan,nan,nan,nan
isnad_401,jb_386,qaraʾtu al-qurʾān kulla-h,qaraʾtu,qaraʾtu,qaraʾtu,qaraʾtu,qaraʾtu,nan,nan,nan,nan,nan
isnad_402,jb_387,qaraʾtu al-qurʾān,qaraʾtu,qaraʾtu,qaraʾtu,qaraʾtu,qaraʾtu,nan,nan,nan,nan,nan
isnad_403,jb_388,ḥaddaṯa-nā,ḥaddaṯa-nā,ḥaddaṯa-nī,ʿan,ʿan bi-l-qirāʾah,nan,nan,nan,nan,nan,nan
isnad_404,jb_389,qaraʾtu al-qurʾān kulla-h,qaraʾtu,qaraʾtu,ʾaḫbara-nī,ʿan,ʿan,nan,nan,nan,nan,nan
isnad_405,jb_390,qāla lī,qaraʾtu,qaraʾtu,qaraʾtu,qaraʾtu ʿalay-hi talaqqantu al-qurʾān,qaraʾtu ʿan-h talaqqantu,qaraʾtu,nan,nan,nan,nan
isnad_406,jb_391,ḥaddaṯa-nā,ḥaddaṯa-nā,ḥaddaṯa-nī,ḥaddaṯa-nā,ḥaddaṯa-nā,ʿan bi-l-qirāʾah,nan,nan,nan,nan,nan
isnad_407,jb_392,ḥaddaṯa-nā,ḥaddaṯa-nā,ḥaddaṯa-nā,ḥaddaṯa-nā,ʿan,nan,nan,nan,nan,nan,nan
isnad_408,jb_393,ḥaddaṯa-nā,ḥaddaṯa-nā,ḥaddaṯa-nī,ʿan,ʿan,ʿan,nan,nan,nan,nan,nan
isnad_409,jb_394,ḥaddaṯa-nā,ḥaddaṯa-nā,ḥaddaṯa-nā,ʾaḫbara-nī,ḥaddaṯa-nā,ḥaddaṯa-nā,ʿan,nan,nan,nan,nan
isnad_410,jb_395,ḥaddaṯa-nā,ḥaddaṯa-nā,ḥaddaṯa-nā,ʾaḫbara-nī,ḥaddaṯa-nā,ḥaddaṯa-nā,ʿan,nan,nan,nan,nan
isnad_411,jb_396,qaraʾtu al-qurʾān,qaraʾtu,qaraʾtu,qaraʾtu,qaraʾtu,qaraʾtu,qaraʾtu,nan,nan,nan,nan
isnad_412,jb_397,qaraʾtu al-qurʾān kulla-h,qaraʾtu,qaraʾtu,qaraʾtu,qaraʾtu,qaraʾa,nan,nan,nan,nan,nan
isnad_413,jb_398,qaraʾtu al-qurʾān kulla-h,qaraʾtu,qaraʾtu,qaraʾā,qaraʾtu,qaraʾa,nan,nan,nan,nan,nan
isnad_414,jb_399,qaraʾtu al-qurʾān kulla-h,qaraʾtu,qaraʾtu,qaraʾā,qaraʾtu,qaraʾa,nan,nan,nan,nan,nan
isnad_415,jb_400,ḥaddaṯa-nā,ḥaddaṯa-nā,ḥaddaṯa-nā,qaraʾa bi-ḥarf al-kisāʾī,qaraʾtu,qaraʾtu,qaraʾtu,qaraʾa,nan,nan,nan
isnad_416,jb_401,ḥaddaṯa-nā,ʾaḫbara-nā,ḥaddaṯa-nā,ḥaddaṯa-h,ḥaddaṯa-h bi-ḥurūf al-kisāʾī hāḏihī,ḥaddaṯa-nā,ḥaddaṯa-nā,ʿan wa-ḏakira min ʾawwal al-qurʾān ʾilā ʾāḫiri-h,nan,nan,nan